network,attr,method,lam,nodes (n),clusters (k),groups (h),Q_FNMTF,B_FNMTF
DrugNet,Ethnicity,FairNMF,0,193,2,3,0.45504210888826263,0.05907013423883406
DrugNet,Ethnicity,FairNMF,0.0001,193,2,3,0.46483919011391533,0.06243763891262533
DrugNet,Ethnicity,FairNMF,0.0005,193,2,3,0.4468372490350512,0.06373906934015652
DrugNet,Ethnicity,FairNMF,0.00075,193,2,3,0.45133661617178095,0.0624675452541249
DrugNet,Ethnicity,FairNMF,0.001,193,2,3,0.4595146408333221,0.04933639026921988
DrugNet,Ethnicity,FairNMF,0.0025,193,2,3,0.46006923479450945,0.04557018918374885
DrugNet,Ethnicity,FairNMF,0.005,193,2,3,0.4600848886563172,0.04721791827477187
DrugNet,Ethnicity,FairNMF,0.0075,193,2,3,0.4541789102228663,0.054464314565399574
DrugNet,Ethnicity,FairNMF,0.01,193,2,3,0.4557577139994722,0.04908321771422302
DrugNet,Ethnicity,FairNMF,0.025,193,2,3,0.44669412801280933,0.06225002227842189
DrugNet,Ethnicity,FairNMF,0.05,193,2,3,0.43954031316668685,0.06623465066874386
DrugNet,Ethnicity,FairNMF,0.075,193,2,3,0.45040185699526364,0.05676020333304321
DrugNet,Ethnicity,FairNMF,0.1,193,2,3,0.33581111603089625,0.10455254901342625
DrugNet,Ethnicity,FairNMF,0.2,193,2,3,0.4312460026745741,0.07330645518427786
DrugNet,Ethnicity,FairNMF,0.3,193,2,3,0.4376596134837893,0.0651403926886424
DrugNet,Ethnicity,FairNMF,0.4,193,2,3,0.4366689476579586,0.06525004180915303
DrugNet,Ethnicity,FairNMF,0.5,193,2,3,0.4326973392907459,0.07091018046263557
DrugNet,Ethnicity,FairNMF,0.6,193,2,3,0.4348978250077152,0.07235002887213378
DrugNet,Ethnicity,FairNMF,0.7,193,2,3,0.43281809765326235,0.06910016887118395
DrugNet,Ethnicity,FairNMF,0.8,193,2,3,0.4309306891724473,0.07659910324862634
DrugNet,Ethnicity,FairNMF,0.9,193,2,3,0.4206997723481239,0.07303942766015381
DrugNet,Ethnicity,FairNMF,1,193,2,3,0.43122811254679383,0.06990408103307433
DrugNet,Ethnicity,FairNMF,1.1,193,2,3,0.4303604413494522,0.07318170188478566
DrugNet,Ethnicity,FairNMF,1.2,193,2,3,0.4310849915245519,0.07356386397596795
DrugNet,Ethnicity,FairNMF,1.3,193,2,3,0.43337269161444975,0.07413491667101772
DrugNet,Ethnicity,FairNMF,1.4,193,2,3,0.4242151824569406,0.07831908828492105
DrugNet,Ethnicity,FairNMF,1.5,193,2,3,0.4315590799107282,0.07369450973654741
DrugNet,Ethnicity,FairNMF,1.6,193,2,3,0.43122811254679383,0.06990408103307433
DrugNet,Ethnicity,FairNMF,1.7,193,2,3,0.3839087245680652,0.08634159497004956
DrugNet,Ethnicity,FairNMF,1.8,193,2,3,0.43281809765326235,0.06910016887118395
DrugNet,Ethnicity,FairNMF,1.9,193,2,3,0.4248950073125897,0.07599996353420403
DrugNet,Ethnicity,FairNMF,2,193,2,3,0.42813312044081275,0.07073199349288085
DrugNet,Ethnicity,FairNMF,2.2,193,2,3,0.4297231055472814,0.06978243006499857
DrugNet,Ethnicity,FairNMF,2.4,193,2,3,0.43294332854772416,0.0739109312489732
DrugNet,Ethnicity,FairNMF,2.5,193,2,3,0.43017259500775973,0.07323312928032374
DrugNet,Ethnicity,FairNMF,2.6,193,2,3,0.42026370048348066,0.07951229753850585
DrugNet,Ethnicity,FairNMF,2.8,193,2,3,0.4315590799107282,0.07369450973654741
DrugNet,Ethnicity,FairNMF,3,193,2,3,0.4242867429680616,0.07651826064706886
DrugNet,Ethnicity,FairNMF,3.33,193,2,3,0.3794652640806487,0.09128739453100347
DrugNet,Ethnicity,FairNMF,3.66,193,2,3,0.4297231055472814,0.06992808133099046
DrugNet,Ethnicity,FairNMF,4,193,2,3,0.4303246610938918,0.06963127228909916
DrugNet,Ethnicity,FairNMF,4.33,193,2,3,0.4318363768913218,0.06923081463176341
DrugNet,Ethnicity,FairNMF,4.66,193,2,3,0.4311476069717828,0.06992808133099047
DrugNet,Ethnicity,FairNMF,5,193,2,3,0.37827557058326294,0.09144842511973757
DrugNet,Ethnicity,FairNMF,5.33,193,2,3,0.4234637970901707,0.07842438373509748
DrugNet,Ethnicity,FairNMF,5.66,193,2,3,0.4296560175681054,0.07349723038770149
DrugNet,Ethnicity,FairNMF,6,193,2,3,0.42914391266039614,0.07375579175466158
DrugNet,Ethnicity,FairNMF,6.5,193,2,3,0.389573186276483,0.09448988166894719
DrugNet,Ethnicity,FairNMF,7,193,2,3,0.4308501835974363,0.06936426997856168
DrugNet,Ethnicity,FairNMF,7.5,193,2,3,0.4302463917848533,0.0700347267936538
DrugNet,Ethnicity,FairNMF,8,193,2,3,0.4318363768913218,0.06923081463176341
DrugNet,Ethnicity,FairNMF,8.5,193,2,3,0.43281809765326235,0.06910016887118395
DrugNet,Ethnicity,FairNMF,9,193,2,3,0.43281809765326235,0.06910016887118395
DrugNet,Ethnicity,FairNMF,10,193,2,3,0.4083287489880896,0.08782228669189436
DrugNet,Ethnicity,FairNMF,15,193,2,3,0.43122811254679383,0.06990408103307434
DrugNet,Ethnicity,FairNMF,20,193,2,3,0.432301520213608,0.0693642699785617
DrugNet,Ethnicity,FairNMF,30,193,2,3,0.4332921860394387,0.06923081463176341
DrugNet,Ethnicity,FairNMF,40,193,2,3,0.43207118481843754,0.07722784465526816
DrugNet,Ethnicity,FairNMF,50,193,2,3,0.386234441179496,0.09134983237480117
DrugNet,Ethnicity,FairNMF,60,193,2,3,0.432301520213608,0.06936426997856168
DrugNet,Ethnicity,FairNMF,70,193,2,3,0.4096347283160469,0.09321266207523782
DrugNet,Ethnicity,FairNMF,80,193,2,3,0.430671282319634,0.07017979098020924
DrugNet,Ethnicity,FairNMF,90,193,2,3,0.43174468998644816,0.0696399799256966
DrugNet,Ethnicity,FairNMF,100,193,2,3,0.4317849427739537,0.06962837108593943
DrugNet,Ethnicity,FairNMF,0,193,3,3,0.5182367490059797,0.058521554922277626
DrugNet,Ethnicity,FairNMF,0.0001,193,3,3,0.5713301757257802,0.03535353478879707
DrugNet,Ethnicity,FairNMF,0.0005,193,3,3,0.5322849718454113,0.04407879104527302
DrugNet,Ethnicity,FairNMF,0.00075,193,3,3,0.5211908563556914,0.05692488504616644
DrugNet,Ethnicity,FairNMF,0.001,193,3,3,0.5418561902078386,0.044667971689561076
DrugNet,Ethnicity,FairNMF,0.0025,193,3,3,0.524878458944393,0.044093274377389434
DrugNet,Ethnicity,FairNMF,0.005,193,3,3,0.536361684713333,0.04726911052195507
DrugNet,Ethnicity,FairNMF,0.0075,193,3,3,0.513665821358129,0.04755479855492278
DrugNet,Ethnicity,FairNMF,0.01,193,3,3,0.5397786991193585,0.04998294294027122
DrugNet,Ethnicity,FairNMF,0.025,193,3,3,0.5260748612396964,0.05032875461078526
DrugNet,Ethnicity,FairNMF,0.05,193,3,3,0.4992732135589278,0.06534597570398591
DrugNet,Ethnicity,FairNMF,0.075,193,3,3,0.5255627563319871,0.07134663854916289
DrugNet,Ethnicity,FairNMF,0.1,193,3,3,0.5431599332698234,0.061656854980361366
DrugNet,Ethnicity,FairNMF,0.2,193,3,3,0.5136524037622939,0.061803141725721766
DrugNet,Ethnicity,FairNMF,0.3,193,3,3,0.47922956164714403,0.0592673584272782
DrugNet,Ethnicity,FairNMF,0.4,193,3,3,0.4971823048746125,0.05822685914895246
DrugNet,Ethnicity,FairNMF,0.5,193,3,3,0.5008989789209569,0.05945329389284506
DrugNet,Ethnicity,FairNMF,0.6,193,3,3,0.5233600343490453,0.06484762761526097
DrugNet,Ethnicity,FairNMF,0.7,193,3,3,0.49119358460017803,0.06778700871953448
DrugNet,Ethnicity,FairNMF,0.8,193,3,3,0.5156739882014607,0.07152537978390518
DrugNet,Ethnicity,FairNMF,0.9,193,3,3,0.5415252228439041,0.060534274012337054
DrugNet,Ethnicity,FairNMF,1,193,3,3,0.4955565395125834,0.062257810646212414
DrugNet,Ethnicity,FairNMF,1.1,193,3,3,0.4884429774539665,0.06502303306271906
DrugNet,Ethnicity,FairNMF,1.2,193,3,3,0.5253860913201572,0.057691666392935936
DrugNet,Ethnicity,FairNMF,1.3,193,3,3,0.4969676233412497,0.05925847605419136
DrugNet,Ethnicity,FairNMF,1.4,193,3,3,0.5013171606578201,0.05879235231669827
DrugNet,Ethnicity,FairNMF,1.5,193,3,3,0.5329133625836923,0.07423158778155012
DrugNet,Ethnicity,FairNMF,1.6,193,3,3,0.5146654322478499,0.062207425541433076
DrugNet,Ethnicity,FairNMF,1.7,193,3,3,0.49550510539521525,0.061958828042061403
DrugNet,Ethnicity,FairNMF,1.8,193,3,3,0.4977995142830307,0.05549882895950594
DrugNet,Ethnicity,FairNMF,1.9,193,3,3,0.487575306256625,0.06852176162881442
DrugNet,Ethnicity,FairNMF,2,193,3,3,0.49644880963562277,0.07037558780781637
DrugNet,Ethnicity,FairNMF,2.2,193,3,3,0.5063129788404513,0.06864559349561916
DrugNet,Ethnicity,FairNMF,2.4,193,3,3,0.5203433115521027,0.06110781807993453
DrugNet,Ethnicity,FairNMF,2.5,193,3,3,0.5421938663696906,0.06176738931115421
DrugNet,Ethnicity,FairNMF,2.6,193,3,3,0.5184424854754525,0.0583936450491645
DrugNet,Ethnicity,FairNMF,2.8,193,3,3,0.5162285821626481,0.06221887476302348
DrugNet,Ethnicity,FairNMF,3,193,3,3,0.4998680603076207,0.0587340327304659
DrugNet,Ethnicity,FairNMF,3.33,193,3,3,0.4766846909704052,0.06016498066765975
DrugNet,Ethnicity,FairNMF,3.66,193,3,3,0.5420753442731464,0.06442714809578202
DrugNet,Ethnicity,FairNMF,4,193,3,3,0.49031473207297377,0.06468298302055318
DrugNet,Ethnicity,FairNMF,4.33,193,3,3,0.5121026714433308,0.06683067445269486
DrugNet,Ethnicity,FairNMF,4.66,193,3,3,0.482425185721889,0.0647174939307967
DrugNet,Ethnicity,FairNMF,5,193,3,3,0.5237379632984028,0.05717478039069319
DrugNet,Ethnicity,FairNMF,5.33,193,3,3,0.5256097179174102,0.06457666178313737
DrugNet,Ethnicity,FairNMF,5.66,193,3,3,0.5434573566441697,0.05930328426306389
DrugNet,Ethnicity,FairNMF,6,193,3,3,0.47704249352601,0.06084721356241258
DrugNet,Ethnicity,FairNMF,6.5,193,3,3,0.5401029576853752,0.062116005616376764
DrugNet,Ethnicity,FairNMF,7,193,3,3,0.500979484495968,0.0606443200035905
DrugNet,Ethnicity,FairNMF,7.5,193,3,3,0.5405412658159912,0.0569745688500173
DrugNet,Ethnicity,FairNMF,8,193,3,3,0.5234629025837817,0.05690963452200542
DrugNet,Ethnicity,FairNMF,8.5,193,3,3,0.5147146300992455,0.05888650070495353
DrugNet,Ethnicity,FairNMF,9,193,3,3,0.5115033521626928,0.06505640197519907
DrugNet,Ethnicity,FairNMF,10,193,3,3,0.5293554634213974,0.06774017950517917
DrugNet,Ethnicity,FairNMF,15,193,3,3,0.5103964005062905,0.06518006019723192
DrugNet,Ethnicity,FairNMF,20,193,3,3,0.4995661644013292,0.06164033626967635
DrugNet,Ethnicity,FairNMF,30,193,3,3,0.538378796620555,0.06794275052188335
DrugNet,Ethnicity,FairNMF,40,193,3,3,0.5154794330618506,0.061542961005502626
DrugNet,Ethnicity,FairNMF,50,193,3,3,0.5150880865166579,0.06554822122847438
DrugNet,Ethnicity,FairNMF,60,193,3,3,0.5006977149834292,0.05875820663260933
DrugNet,Ethnicity,FairNMF,70,193,3,3,0.49457258248467034,0.06714745652362132
DrugNet,Ethnicity,FairNMF,80,193,3,3,0.5001699562139122,0.06150740060658166
DrugNet,Ethnicity,FairNMF,90,193,3,3,0.4754681622813491,0.06108268013217996
DrugNet,Ethnicity,FairNMF,100,193,3,3,0.4642152719075796,0.062243203481482136
DrugNet,Ethnicity,FairNMF,0,193,4,3,0.5749484540693331,0.05080506549151851
DrugNet,Ethnicity,FairNMF,0.0001,193,4,3,0.5763774280257796,0.05391097288739186
DrugNet,Ethnicity,FairNMF,0.0005,193,4,3,0.5748388770366792,0.047859204917764096
DrugNet,Ethnicity,FairNMF,0.00075,193,4,3,0.5619937652904685,0.0713446453276082
DrugNet,Ethnicity,FairNMF,0.001,193,4,3,0.5904681399186894,0.042753642461034365
DrugNet,Ethnicity,FairNMF,0.0025,193,4,3,0.5535965865636195,0.060406556917058575
DrugNet,Ethnicity,FairNMF,0.005,193,4,3,0.6028704710023391,0.09666072654679181
DrugNet,Ethnicity,FairNMF,0.0075,193,4,3,0.5604596868333132,0.053052066347287374
DrugNet,Ethnicity,FairNMF,0.01,193,4,3,0.5920916690147459,0.03973260330821107
DrugNet,Ethnicity,FairNMF,0.025,193,4,3,0.551340194197337,0.06805967060768546
DrugNet,Ethnicity,FairNMF,0.05,193,4,3,0.5633645963316293,0.05564042576756956
DrugNet,Ethnicity,FairNMF,0.075,193,4,3,0.5901215186929473,0.0409242890902636
DrugNet,Ethnicity,FairNMF,0.1,193,4,3,0.5461140406195351,0.05168454247572011
DrugNet,Ethnicity,FairNMF,0.2,193,4,3,0.5743647886505029,0.04607875085423269
DrugNet,Ethnicity,FairNMF,0.3,193,4,3,0.5774553082245389,0.04814242660624877
DrugNet,Ethnicity,FairNMF,0.4,193,4,3,0.5594310044859495,0.06638802267266697
DrugNet,Ethnicity,FairNMF,0.5,193,4,3,0.5727613859481991,0.05325161812812542
DrugNet,Ethnicity,FairNMF,0.6,193,4,3,0.5717997915800113,0.05641226825956926
DrugNet,Ethnicity,FairNMF,0.7,193,4,3,0.576670378868181,0.05687050504562947
DrugNet,Ethnicity,FairNMF,0.8,193,4,3,0.5506916770653034,0.05446971800578976
DrugNet,Ethnicity,FairNMF,0.9,193,4,3,0.576932021986967,0.05614336994319929
DrugNet,Ethnicity,FairNMF,1,193,4,3,0.577640918300259,0.07718264809798524
DrugNet,Ethnicity,FairNMF,1.1,193,4,3,0.5732332380684029,0.05304199633518084
DrugNet,Ethnicity,FairNMF,1.2,193,4,3,0.5658625054229449,0.05497122642501217
DrugNet,Ethnicity,FairNMF,1.3,193,4,3,0.5643284269657897,0.05397146497661106
DrugNet,Ethnicity,FairNMF,1.4,193,4,3,0.5702344053992405,0.057399835187967506
DrugNet,Ethnicity,FairNMF,1.5,193,4,3,0.5651200651200651,0.06020991070164342
DrugNet,Ethnicity,FairNMF,1.6,193,4,3,0.5743491347886952,0.10170171569241114
DrugNet,Ethnicity,FairNMF,1.7,193,4,3,0.569100618551168,0.07215726407376717
DrugNet,Ethnicity,FairNMF,1.8,193,4,3,0.5851570082339314,0.05107837734371725
DrugNet,Ethnicity,FairNMF,1.9,193,4,3,0.5561750012299463,0.05169081999096878
DrugNet,Ethnicity,FairNMF,2,193,4,3,0.553755361447669,0.05751437597651926
DrugNet,Ethnicity,FairNMF,2.2,193,4,3,0.5150724326548503,0.06664888374366999
DrugNet,Ethnicity,FairNMF,2.4,193,4,3,0.5649366913103177,0.05915585787823376
DrugNet,Ethnicity,FairNMF,2.5,193,4,3,0.5832472370933909,0.05114986989479688
DrugNet,Ethnicity,FairNMF,2.6,193,4,3,0.5528452011968495,0.037141591478825224
DrugNet,Ethnicity,FairNMF,2.8,193,4,3,0.5713614834493955,0.07892604639629631
DrugNet,Ethnicity,FairNMF,3,193,4,3,0.584754480358876,0.053836726223770816
DrugNet,Ethnicity,FairNMF,3.33,193,4,3,0.5717617750584784,0.049323008828991356
DrugNet,Ethnicity,FairNMF,3.66,193,4,3,0.553138152039251,0.06451595983631354
DrugNet,Ethnicity,FairNMF,4,193,4,3,0.5401968808562215,0.058270777095872285
DrugNet,Ethnicity,FairNMF,4.33,193,4,3,0.5724684351057977,0.057724311997883034
DrugNet,Ethnicity,FairNMF,4.66,193,4,3,0.5644268226685809,0.05998741724427196
DrugNet,Ethnicity,FairNMF,5,193,4,3,0.5843631338136833,0.04666994383106465
DrugNet,Ethnicity,FairNMF,5.33,193,4,3,0.5561928913577265,0.049524475564739434
DrugNet,Ethnicity,FairNMF,5.66,193,4,3,0.5823124779168736,0.03778895252974187
DrugNet,Ethnicity,FairNMF,6,193,4,3,0.585063085063085,0.06535330414668622
DrugNet,Ethnicity,FairNMF,6.5,193,4,3,0.5720323632411545,0.059017583779612415
DrugNet,Ethnicity,FairNMF,7,193,4,3,0.5724997428294131,0.058717053281661845
DrugNet,Ethnicity,FairNMF,7.5,193,4,3,0.579908491996404,0.05680519907106283
DrugNet,Ethnicity,FairNMF,8,193,4,3,0.5462817605674749,0.05423851466873347
DrugNet,Ethnicity,FairNMF,8.5,193,4,3,0.5519529310738102,0.05104865274229054
DrugNet,Ethnicity,FairNMF,9,193,4,3,0.5675128697106718,0.06374523221795891
DrugNet,Ethnicity,FairNMF,10,193,4,3,0.5698341137901578,0.055991841261535925
DrugNet,Ethnicity,FairNMF,15,193,4,3,0.5760419881299002,0.04622863364429803
DrugNet,Ethnicity,FairNMF,20,193,4,3,0.5721151050821381,0.055510722928019375
DrugNet,Ethnicity,FairNMF,30,193,4,3,0.5697580807470918,0.08554506832586713
DrugNet,Ethnicity,FairNMF,40,193,4,3,0.5447946436957426,0.08489173713777248
DrugNet,Ethnicity,FairNMF,50,193,4,3,0.539248704083869,0.05773777342983649
DrugNet,Ethnicity,FairNMF,60,193,4,3,0.549761390420731,0.0583917693178016
DrugNet,Ethnicity,FairNMF,70,193,4,3,0.5519842387974255,0.05953264540907449
DrugNet,Ethnicity,FairNMF,80,193,4,3,0.5424130204349985,0.05819977617245895
DrugNet,Ethnicity,FairNMF,90,193,4,3,0.5721128688161655,0.04905480031381657
DrugNet,Ethnicity,FairNMF,100,193,4,3,0.5717595387925059,0.035747573877668117
DrugNet,Ethnicity,FairNMF,0,193,5,3,0.582091087585593,0.039925981731010536
DrugNet,Ethnicity,FairNMF,0.0001,193,5,3,0.5756059162652569,0.049346989247017574
DrugNet,Ethnicity,FairNMF,0.0005,193,5,3,0.6184326459051733,0.034798105085747155
DrugNet,Ethnicity,FairNMF,0.00075,193,5,3,0.6176902056022935,0.039345554813080864
DrugNet,Ethnicity,FairNMF,0.001,193,5,3,0.5993103355740718,0.06511685521797157
DrugNet,Ethnicity,FairNMF,0.0025,193,5,3,0.591349228711866,0.04779171022251776
DrugNet,Ethnicity,FairNMF,0.005,193,5,3,0.6048629839838632,0.031035588258303697
DrugNet,Ethnicity,FairNMF,0.0075,193,5,3,0.6178534530182882,0.08315066174934871
DrugNet,Ethnicity,FairNMF,0.01,193,5,3,0.5904167058013212,0.0719836422162896
DrugNet,Ethnicity,FairNMF,0.025,193,5,3,0.5855192833214811,0.04617731194002491
DrugNet,Ethnicity,FairNMF,0.05,193,5,3,0.5910562778694647,0.048754102490195794
DrugNet,Ethnicity,FairNMF,0.075,193,5,3,0.6217713910021602,0.08052673465588199
DrugNet,Ethnicity,FairNMF,0.1,193,5,3,0.6060034796298532,0.08878967732562114
DrugNet,Ethnicity,FairNMF,0.2,193,5,3,0.6026535532030038,0.06739939600229665
DrugNet,Ethnicity,FairNMF,0.3,193,5,3,0.6080049376752673,0.088985250443754
DrugNet,Ethnicity,FairNMF,0.4,193,5,3,0.5801321185936571,0.037441334331109244
DrugNet,Ethnicity,FairNMF,0.5,193,5,3,0.6016092169938324,0.04053758596479592
DrugNet,Ethnicity,FairNMF,0.6,193,5,3,0.5824801978648133,0.050107540020779384
DrugNet,Ethnicity,FairNMF,0.7,193,5,3,0.6054980835200614,0.05202880895430199
DrugNet,Ethnicity,FairNMF,0.8,193,5,3,0.5893790783900673,0.04303409787877586
DrugNet,Ethnicity,FairNMF,0.9,193,5,3,0.6189581684087179,0.03838902849481591
DrugNet,Ethnicity,FairNMF,1,193,5,3,0.6125691565252004,0.05425074333624772
DrugNet,Ethnicity,FairNMF,1.1,193,5,3,0.6062025073014085,0.05186076966466573
DrugNet,Ethnicity,FairNMF,1.2,193,5,3,0.592500905687719,0.1002760443894518
DrugNet,Ethnicity,FairNMF,1.3,193,5,3,0.5902959474388045,0.056846018288009705
DrugNet,Ethnicity,FairNMF,1.4,193,5,3,0.584421276728969,0.06492702640401743
DrugNet,Ethnicity,FairNMF,1.5,193,5,3,0.5995988138845281,0.04358597907176471
DrugNet,Ethnicity,FairNMF,1.6,193,5,3,0.5933954120767307,0.03526584648759333
DrugNet,Ethnicity,FairNMF,1.7,193,5,3,0.5916958499376083,0.0917110846968774
DrugNet,Ethnicity,FairNMF,1.8,193,5,3,0.5897502985415073,0.053596452459527266
DrugNet,Ethnicity,FairNMF,1.9,193,5,3,0.5869706199376529,0.04648191997571719
DrugNet,Ethnicity,FairNMF,2,193,5,3,0.6088703726066363,0.04396959636544856
DrugNet,Ethnicity,FairNMF,2.2,193,5,3,0.5846046505387165,0.054386581893855396
DrugNet,Ethnicity,FairNMF,2.4,193,5,3,0.5981005156829332,0.048317759754349314
DrugNet,Ethnicity,FairNMF,2.5,193,5,3,0.6161941436666711,0.05096010317714397
DrugNet,Ethnicity,FairNMF,2.6,193,5,3,0.5943078085935228,0.061637289090945124
DrugNet,Ethnicity,FairNMF,2.8,193,5,3,0.5986528733781481,0.05306959574804787
DrugNet,Ethnicity,FairNMF,3,193,5,3,0.5804586134256463,0.057534720995127846
DrugNet,Ethnicity,FairNMF,3.33,193,5,3,0.5878561812627746,0.04686026228898398
DrugNet,Ethnicity,FairNMF,3.66,193,5,3,0.6094831094831095,0.14776083696730832
DrugNet,Ethnicity,FairNMF,4,193,5,3,0.6268633686216103,0.0804246682465923
DrugNet,Ethnicity,FairNMF,4.33,193,5,3,0.6130410086454042,0.03437763944711514
DrugNet,Ethnicity,FairNMF,4.66,193,5,3,0.616337264688913,0.06145722915874698
DrugNet,Ethnicity,FairNMF,5,193,5,3,0.6077678934821792,0.04254014282346047
DrugNet,Ethnicity,FairNMF,5.33,193,5,3,0.6053415449019844,0.06950229756121652
DrugNet,Ethnicity,FairNMF,5.66,193,5,3,0.5945962869039793,0.05343406415214403
DrugNet,Ethnicity,FairNMF,6,193,5,3,0.6186808714281241,0.053871128222119403
DrugNet,Ethnicity,FairNMF,6.5,193,5,3,0.5982794169607356,0.04562152215254497
DrugNet,Ethnicity,FairNMF,7,193,5,3,0.5992499563928135,0.06247632301016703
DrugNet,Ethnicity,FairNMF,7.5,193,5,3,0.5824734890668957,0.059974559042891645
DrugNet,Ethnicity,FairNMF,8,193,5,3,0.5727926936718145,0.06979508157187037
DrugNet,Ethnicity,FairNMF,8.5,193,5,3,0.5749708167290585,0.0429079401980866
DrugNet,Ethnicity,FairNMF,9,193,5,3,0.6149507797859446,0.04653353607296636
DrugNet,Ethnicity,FairNMF,10,193,5,3,0.6030717349398668,0.03688104037457362
DrugNet,Ethnicity,FairNMF,15,193,5,3,0.6082956522516962,0.05653796874633558
DrugNet,Ethnicity,FairNMF,20,193,5,3,0.6094719281532469,0.031477753285818165
DrugNet,Ethnicity,FairNMF,30,193,5,3,0.5982436367051752,0.05520659361635597
DrugNet,Ethnicity,FairNMF,40,193,5,3,0.6173145129189086,0.05583503730149924
DrugNet,Ethnicity,FairNMF,50,193,5,3,0.6054891384561715,0.050493280336035506
DrugNet,Ethnicity,FairNMF,60,193,5,3,0.5979014880113781,0.08138036531333843
DrugNet,Ethnicity,FairNMF,70,193,5,3,0.5978455813620649,0.05984865598116699
DrugNet,Ethnicity,FairNMF,80,193,5,3,0.5984605545045106,0.09595891825142684
DrugNet,Ethnicity,FairNMF,90,193,5,3,0.5838241937143035,0.0720656251382004
DrugNet,Ethnicity,FairNMF,100,193,5,3,0.5983263785461588,0.03893748000072117
DrugNet,Ethnicity,FairNMF,0,193,6,3,0.6117529194452271,0.041988663767022726
DrugNet,Ethnicity,FairNMF,0.0001,193,6,3,0.6112452870694629,0.07125767733813078
DrugNet,Ethnicity,FairNMF,0.0005,193,6,3,0.5839091718212597,0.08407166307165585
DrugNet,Ethnicity,FairNMF,0.00075,193,6,3,0.5978612352238726,0.07890778483265141
DrugNet,Ethnicity,FairNMF,0.001,193,6,3,0.6068264255077443,0.07689661458236678
DrugNet,Ethnicity,FairNMF,0.0025,193,6,3,0.6242201022420802,0.07915196240116948
DrugNet,Ethnicity,FairNMF,0.005,193,6,3,0.6182447995634809,0.07680635705448839
DrugNet,Ethnicity,FairNMF,0.0075,193,6,3,0.6136045476704817,0.05750656984271447
DrugNet,Ethnicity,FairNMF,0.01,193,6,3,0.6360499492367625,0.04003983428223395
DrugNet,Ethnicity,FairNMF,0.025,193,6,3,0.6340686175851011,0.0342411949605819
DrugNet,Ethnicity,FairNMF,0.05,193,6,3,0.604854038919973,0.07122671477185942
DrugNet,Ethnicity,FairNMF,0.075,193,6,3,0.6228000733495239,0.054453366871391656
DrugNet,Ethnicity,FairNMF,0.1,193,6,3,0.6201098453845707,0.04297006345237216
DrugNet,Ethnicity,FairNMF,0.2,193,6,3,0.6404061953512503,0.0530458254504902
DrugNet,Ethnicity,FairNMF,0.3,193,6,3,0.6305621525401746,0.05445304590402227
DrugNet,Ethnicity,FairNMF,0.4,193,6,3,0.6263959890333517,0.07126573969684717
DrugNet,Ethnicity,FairNMF,0.5,193,6,3,0.6229901559571891,0.06885928581205752
DrugNet,Ethnicity,FairNMF,0.6,193,6,3,0.6350704647407944,0.059697551888333346
DrugNet,Ethnicity,FairNMF,0.7,193,6,3,0.6154897198853243,0.03451878916030649
DrugNet,Ethnicity,FairNMF,0.8,193,6,3,0.6217132480868744,0.059224609046061166
DrugNet,Ethnicity,FairNMF,0.9,193,6,3,0.6269259840688411,0.04587461960239934
DrugNet,Ethnicity,FairNMF,1,193,6,3,0.6089262792559497,0.0460131925212669
DrugNet,Ethnicity,FairNMF,1.1,193,6,3,0.6198884550532903,0.07370564605884093
DrugNet,Ethnicity,FairNMF,1.2,193,6,3,0.6271898634535996,0.04560077790905074
DrugNet,Ethnicity,FairNMF,1.3,193,6,3,0.6204944831318456,0.0640240832657857
DrugNet,Ethnicity,FairNMF,1.4,193,6,3,0.6196178668706142,0.04856954424214812
DrugNet,Ethnicity,FairNMF,1.5,193,6,3,0.6062539414187765,0.060852216484719585
DrugNet,Ethnicity,FairNMF,1.6,193,6,3,0.6347819864303381,0.039782774413330814
DrugNet,Ethnicity,FairNMF,1.7,193,6,3,0.6325993908411491,0.049359719645650675
DrugNet,Ethnicity,FairNMF,1.8,193,6,3,0.6320090166244012,0.03363083151353585
DrugNet,Ethnicity,FairNMF,1.9,193,6,3,0.6319777089007858,0.045564869152299625
DrugNet,Ethnicity,FairNMF,2,193,6,3,0.6288871893267498,0.04294921349897801
DrugNet,Ethnicity,FairNMF,2.2,193,6,3,0.6220643418445616,0.04009012108362783
DrugNet,Ethnicity,FairNMF,2.4,193,6,3,0.6178758156780135,0.05000935087485738
DrugNet,Ethnicity,FairNMF,2.5,193,6,3,0.6280597709169137,0.03909655601082273
DrugNet,Ethnicity,FairNMF,2.6,193,6,3,0.6295468877886461,0.051927583067968186
DrugNet,Ethnicity,FairNMF,2.8,193,6,3,0.6302535478359654,0.04083447192407783
DrugNet,Ethnicity,FairNMF,3,193,6,3,0.620398323695027,0.04144578816146636
DrugNet,Ethnicity,FairNMF,3.33,193,6,3,0.6366962301028235,0.04236000187370992
DrugNet,Ethnicity,FairNMF,3.66,193,6,3,0.6304525755075205,0.062453133292919794
DrugNet,Ethnicity,FairNMF,4,193,6,3,0.6293590414469535,0.07369288631486652
DrugNet,Ethnicity,FairNMF,4.33,193,6,3,0.5997508799706601,0.07089653707592455
DrugNet,Ethnicity,FairNMF,4.66,193,6,3,0.6402340028713654,0.07780533840677327
DrugNet,Ethnicity,FairNMF,5,193,6,3,0.6393976393976394,0.042084077571383195
DrugNet,Ethnicity,FairNMF,5.33,193,6,3,0.6300120311109323,0.08864850261691541
DrugNet,Ethnicity,FairNMF,5.66,193,6,3,0.6108695943860778,0.04959127151598055
DrugNet,Ethnicity,FairNMF,6,193,6,3,0.6341849034156727,0.04510683967297235
DrugNet,Ethnicity,FairNMF,6.5,193,6,3,0.6215142204153193,0.05474674143881303
DrugNet,Ethnicity,FairNMF,7,193,6,3,0.6385210231364077,0.04509060948508987
DrugNet,Ethnicity,FairNMF,7.5,193,6,3,0.6147785873060598,0.05612482427588352
DrugNet,Ethnicity,FairNMF,8,193,6,3,0.5988809725073462,0.04246517065204222
DrugNet,Ethnicity,FairNMF,8.5,193,6,3,0.6086646361371636,0.10580229505081507
DrugNet,Ethnicity,FairNMF,9,193,6,3,0.6184594810968438,0.04732416545450874
DrugNet,Ethnicity,FairNMF,10,193,6,3,0.6393260788865184,0.04166622755968611
DrugNet,Ethnicity,FairNMF,15,193,6,3,0.6052744569228086,0.05888954753218889
DrugNet,Ethnicity,FairNMF,20,193,6,3,0.6222834959098695,0.04620158002802444
DrugNet,Ethnicity,FairNMF,30,193,6,3,0.6205392084512963,0.043305844583850395
DrugNet,Ethnicity,FairNMF,40,193,6,3,0.6133809210732287,0.044525605657898724
DrugNet,Ethnicity,FairNMF,50,193,6,3,0.6089016803302517,0.03089931959174198
DrugNet,Ethnicity,FairNMF,60,193,6,3,0.6267001212056157,0.029228397304859877
DrugNet,Ethnicity,FairNMF,70,193,6,3,0.6290638543385796,0.0429327636073199
DrugNet,Ethnicity,FairNMF,80,193,6,3,0.6388139739788091,0.045076575182344876
DrugNet,Ethnicity,FairNMF,90,193,6,3,0.6187904484607781,0.04745733579445618
DrugNet,Ethnicity,FairNMF,100,193,6,3,0.6045789782053518,0.055308970148246955
DrugNet,Ethnicity,FairNMF,0,193,7,3,0.6203737247693292,0.05734406615146734
DrugNet,Ethnicity,FairNMF,0.0001,193,7,3,0.6174039635578096,0.06513474021586348
DrugNet,Ethnicity,FairNMF,0.0005,193,7,3,0.6430874782523134,0.041927305119005887
DrugNet,Ethnicity,FairNMF,0.00075,193,7,3,0.6520213608125696,0.0553891133726895
DrugNet,Ethnicity,FairNMF,0.001,193,7,3,0.6316825217924119,0.05991021051590697
DrugNet,Ethnicity,FairNMF,0.0025,193,7,3,0.6294574371497449,0.03712727486724047
DrugNet,Ethnicity,FairNMF,0.005,193,7,3,0.6436890337989238,0.043150505755423
DrugNet,Ethnicity,FairNMF,0.0075,193,7,3,0.6406633659380913,0.03664315453447664
DrugNet,Ethnicity,FairNMF,0.01,193,7,3,0.6286121286121286,0.03781839453338528
DrugNet,Ethnicity,FairNMF,0.025,193,7,3,0.6348848546650746,0.05862715497232281
DrugNet,Ethnicity,FairNMF,0.05,193,7,3,0.6375415386404398,0.047793558848026475
DrugNet,Ethnicity,FairNMF,0.075,193,7,3,0.6450777549678649,0.06577619558137604
DrugNet,Ethnicity,FairNMF,0.1,193,7,3,0.6351532065817781,0.07420810473355464
DrugNet,Ethnicity,FairNMF,0.2,193,7,3,0.6315192743764172,0.04669782780618222
DrugNet,Ethnicity,FairNMF,0.3,193,7,3,0.6449637054032659,0.027276149530212356
DrugNet,Ethnicity,FairNMF,0.4,193,7,3,0.6435302589148743,0.06796365657642102
DrugNet,Ethnicity,FairNMF,0.5,193,7,3,0.6452566562456671,0.030670612078963877
DrugNet,Ethnicity,FairNMF,0.6,193,7,3,0.619342806155993,0.07782807641417235
DrugNet,Ethnicity,FairNMF,0.7,193,7,3,0.6262059064256866,0.04796382507610025
DrugNet,Ethnicity,FairNMF,0.8,193,7,3,0.6445119796768148,0.04514841604470663
DrugNet,Ethnicity,FairNMF,0.9,193,7,3,0.6464195145513826,0.07186320344165649
DrugNet,Ethnicity,FairNMF,1,193,7,3,0.6432596707321981,0.045595317181392814
DrugNet,Ethnicity,FairNMF,1.1,193,7,3,0.6354081409026464,0.04699854892306137
DrugNet,Ethnicity,FairNMF,1.2,193,7,3,0.6283348316315349,0.039072335618231153
DrugNet,Ethnicity,FairNMF,1.3,193,7,3,0.6562456672346783,0.06849844133656975
DrugNet,Ethnicity,FairNMF,1.4,193,7,3,0.6372933131174889,0.08316116921867461
DrugNet,Ethnicity,FairNMF,1.5,193,7,3,0.6585110046648509,0.0355955240092868
DrugNet,Ethnicity,FairNMF,1.6,193,7,3,0.6637774110301583,0.047266222309490645
DrugNet,Ethnicity,FairNMF,1.7,193,7,3,0.6369958897431425,0.03553407943769949
DrugNet,Ethnicity,FairNMF,1.8,193,7,3,0.6504000679824856,0.04355327834818554
DrugNet,Ethnicity,FairNMF,1.9,193,7,3,0.6388341003725618,0.059634041556197816
DrugNet,Ethnicity,FairNMF,2,193,7,3,0.6400953543810687,0.0751963677496812
DrugNet,Ethnicity,FairNMF,2.2,193,7,3,0.6444739631552818,0.04480583148587127
DrugNet,Ethnicity,FairNMF,2.4,193,7,3,0.6505185900790296,0.06663239638069952
DrugNet,Ethnicity,FairNMF,2.5,193,7,3,0.6429152857724286,0.04532755172684911
DrugNet,Ethnicity,FairNMF,2.6,193,7,3,0.6563261728096893,0.02781675418389516
DrugNet,Ethnicity,FairNMF,2.8,193,7,3,0.6392970074288756,0.040787900462577374
DrugNet,Ethnicity,FairNMF,3,193,7,3,0.6346992445893544,0.0376968846703668
DrugNet,Ethnicity,FairNMF,3.33,193,7,3,0.6456882555783654,0.038398376414462754
DrugNet,Ethnicity,FairNMF,3.66,193,7,3,0.641396861177081,0.058556726848356555
DrugNet,Ethnicity,FairNMF,4,193,7,3,0.6421035212244004,0.05780748779113226
DrugNet,Ethnicity,FairNMF,4.33,193,7,3,0.6402742556588711,0.04838030129031549
DrugNet,Ethnicity,FairNMF,4.66,193,7,3,0.6443040069413696,0.04660732365005479
DrugNet,Ethnicity,FairNMF,5,193,7,3,0.64829126917039,0.05266847621063353
DrugNet,Ethnicity,FairNMF,5.33,193,7,3,0.6445432874004303,0.04986273546281406
DrugNet,Ethnicity,FairNMF,5.66,193,7,3,0.6364077517923672,0.038208427795527744
DrugNet,Ethnicity,FairNMF,6,193,7,3,0.641624960306279,0.0331990698569441
DrugNet,Ethnicity,FairNMF,6.5,193,7,3,0.6436286546176656,0.034438640644297795
DrugNet,Ethnicity,FairNMF,7,193,7,3,0.63813414912316,0.04759181241213528
DrugNet,Ethnicity,FairNMF,7.5,193,7,3,0.6445611775282105,0.03214919402422274
DrugNet,Ethnicity,FairNMF,8,193,7,3,0.6561338539360517,0.06609825566237482
DrugNet,Ethnicity,FairNMF,8.5,193,7,3,0.635828558905482,0.05575533997872786
DrugNet,Ethnicity,FairNMF,9,193,7,3,0.6399097443053487,0.033552341338098285
DrugNet,Ethnicity,FairNMF,10,193,7,3,0.6370294337327304,0.049781492667474024
DrugNet,Ethnicity,FairNMF,15,193,7,3,0.6557179084651612,0.0381182436497724
DrugNet,Ethnicity,FairNMF,20,193,7,3,0.6351733329755308,0.025918235697083986
DrugNet,Ethnicity,FairNMF,30,193,7,3,0.6451023538935627,0.03711932170282355
DrugNet,Ethnicity,FairNMF,40,193,7,3,0.6586138728995872,0.029462523161803016
DrugNet,Ethnicity,FairNMF,50,193,7,3,0.6634330260703887,0.03046729053633183
DrugNet,Ethnicity,FairNMF,60,193,7,3,0.6356742565533774,0.028506999373955927
DrugNet,Ethnicity,FairNMF,70,193,7,3,0.6568270963875359,0.025637877154892953
DrugNet,Ethnicity,FairNMF,80,193,7,3,0.6555255895915236,0.070138667327549
DrugNet,Ethnicity,FairNMF,90,193,7,3,0.6392008479920568,0.03988063666993193
DrugNet,Ethnicity,FairNMF,100,193,7,3,0.6386306001690617,0.027942316972740952
DrugNet,Ethnicity,FairNMF,0,193,8,3,0.6313828621520929,0.049366793938257186
DrugNet,Ethnicity,FairNMF,0.0001,193,8,3,0.6520638498660477,0.031083033408665098
DrugNet,Ethnicity,FairNMF,0.0005,193,8,3,0.632067159539687,0.04608778868148148
DrugNet,Ethnicity,FairNMF,0.00075,193,8,3,0.6527570923175319,0.034503337366839075
DrugNet,Ethnicity,FairNMF,0.001,193,8,3,0.6615411450576285,0.02832742897103188
DrugNet,Ethnicity,FairNMF,0.0025,193,8,3,0.6325278303300282,0.07912986718668372
DrugNet,Ethnicity,FairNMF,0.005,193,8,3,0.6429913188154947,0.03845035415747642
DrugNet,Ethnicity,FairNMF,0.0075,193,8,3,0.6570373053889539,0.057338503973629884
DrugNet,Ethnicity,FairNMF,0.01,193,8,3,0.6439126603961768,0.04560016896579392
DrugNet,Ethnicity,FairNMF,0.025,193,8,3,0.6456502390568325,0.036271501034097604
DrugNet,Ethnicity,FairNMF,0.05,193,8,3,0.672856650878629,0.03380454871206059
DrugNet,Ethnicity,FairNMF,0.075,193,8,3,0.6527503835196143,0.03443831309501525
DrugNet,Ethnicity,FairNMF,0.1,193,8,3,0.6655910227338798,0.048339781908543274
DrugNet,Ethnicity,FairNMF,0.2,193,8,3,0.6514153327340141,0.05323836951296399
DrugNet,Ethnicity,FairNMF,0.3,193,8,3,0.6518648221944926,0.03156561580826884
DrugNet,Ethnicity,FairNMF,0.4,193,8,3,0.6577819819578061,0.030649533131325537
DrugNet,Ethnicity,FairNMF,0.5,193,8,3,0.6472268065674659,0.024137454783993678
DrugNet,Ethnicity,FairNMF,0.6,193,8,3,0.6508517937089365,0.05225510667109018
DrugNet,Ethnicity,FairNMF,0.7,193,8,3,0.6623953986591349,0.04559406841750191
DrugNet,Ethnicity,FairNMF,0.8,193,8,3,0.6421079937563454,0.03037737908410983
DrugNet,Ethnicity,FairNMF,0.9,193,8,3,0.6562188320430079,0.032265029944135167
DrugNet,Ethnicity,FairNMF,1,193,8,3,0.6660651111200561,0.03179154664447822
DrugNet,Ethnicity,FairNMF,1.1,193,8,3,0.6343884036191728,0.05832775359112788
DrugNet,Ethnicity,FairNMF,1.2,193,8,3,0.6449234526157602,0.04039299360328436
DrugNet,Ethnicity,FairNMF,1.3,193,8,3,0.6629678827481025,0.02784753169055441
DrugNet,Ethnicity,FairNMF,1.4,193,8,3,0.6484276813947144,0.036645586513927964
DrugNet,Ethnicity,FairNMF,1.5,193,8,3,0.6493512592413692,0.06699342774634394
DrugNet,Ethnicity,FairNMF,1.6,193,8,3,0.6654993358290061,0.054460898354547295
DrugNet,Ethnicity,FairNMF,1.7,193,8,3,0.6495413418490341,0.029942615587479283
DrugNet,Ethnicity,FairNMF,1.8,193,8,3,0.6396279747928099,0.06175648400743609
DrugNet,Ethnicity,FairNMF,1.9,193,8,3,0.634672409397684,0.060985298207610006
DrugNet,Ethnicity,FairNMF,2,193,8,3,0.6576656961272346,0.03325618363620666
DrugNet,Ethnicity,FairNMF,2.2,193,8,3,0.6496934079351661,0.062166715067677535
DrugNet,Ethnicity,FairNMF,2.4,193,8,3,0.6553824685692818,0.04132861514127004
DrugNet,Ethnicity,FairNMF,2.5,193,8,3,0.6664564576652489,0.06623331749187493
DrugNet,Ethnicity,FairNMF,2.6,193,8,3,0.6562792112242662,0.047383849701919944
DrugNet,Ethnicity,FairNMF,2.8,193,8,3,0.6610558753415896,0.029135972361269514
DrugNet,Ethnicity,FairNMF,3,193,8,3,0.6535755656634777,0.049153274876589194
DrugNet,Ethnicity,FairNMF,3.33,193,8,3,0.6572229154646737,0.02858711000294964
DrugNet,Ethnicity,FairNMF,3.66,193,8,3,0.6495189791893089,0.027193431766832796
DrugNet,Ethnicity,FairNMF,4,193,8,3,0.6589448402635215,0.04250070806260838
DrugNet,Ethnicity,FairNMF,4.33,193,8,3,0.6691556306940921,0.02715688812130236
DrugNet,Ethnicity,FairNMF,4.66,193,8,3,0.6517395913000309,0.04479648406718994
DrugNet,Ethnicity,FairNMF,5,193,8,3,0.6745942295392845,0.055659137447971234
DrugNet,Ethnicity,FairNMF,5.33,193,8,3,0.6568136787917008,0.06543412350874817
DrugNet,Ethnicity,FairNMF,5.66,193,8,3,0.648253252648857,0.0637881263364695
DrugNet,Ethnicity,FairNMF,6,193,8,3,0.6532803785551039,0.03425776940469961
DrugNet,Ethnicity,FairNMF,6.5,193,8,3,0.6495189791893089,0.03253951743231733
DrugNet,Ethnicity,FairNMF,7,193,8,3,0.6643230599274556,0.05874871979525793
DrugNet,Ethnicity,FairNMF,7.5,193,8,3,0.657135701091745,0.02747427298106034
DrugNet,Ethnicity,FairNMF,8,193,8,3,0.6493154789858085,0.034687651815619405
DrugNet,Ethnicity,FairNMF,8.5,193,8,3,0.6449256888817329,0.028549984950767493
DrugNet,Ethnicity,FairNMF,9,193,8,3,0.642257823576505,0.03785278028440228
DrugNet,Ethnicity,FairNMF,10,193,8,3,0.6592444999038406,0.03518281064958456
DrugNet,Ethnicity,FairNMF,15,193,8,3,0.6491142150482809,0.03438905495687444
DrugNet,Ethnicity,FairNMF,20,193,8,3,0.6342944804483267,0.03578254397507896
DrugNet,Ethnicity,FairNMF,30,193,8,3,0.6594099835858077,0.028151069138032687
DrugNet,Ethnicity,FairNMF,40,193,8,3,0.6410256410256411,0.031927463148048
DrugNet,Ethnicity,FairNMF,50,193,8,3,0.6344241838747333,0.07629090021980443
DrugNet,Ethnicity,FairNMF,60,193,8,3,0.6417032296153176,0.032830028457642095
DrugNet,Ethnicity,FairNMF,70,193,8,3,0.6590678348920106,0.06191318044396101
DrugNet,Ethnicity,FairNMF,80,193,8,3,0.6368728951146534,0.04703628305698082
DrugNet,Ethnicity,FairNMF,90,193,8,3,0.6711436711436711,0.05845790864624947
DrugNet,Ethnicity,FairNMF,100,193,8,3,0.6501965677789854,0.026835388302140484
DrugNet,Ethnicity,FairNMF,0,193,9,3,0.6547920943525339,0.03937204014140667
DrugNet,Ethnicity,FairNMF,0.0001,193,9,3,0.6713270449534186,0.03768944677114911
DrugNet,Ethnicity,FairNMF,0.0005,193,9,3,0.6678026897807118,0.04679132391555768
DrugNet,Ethnicity,FairNMF,0.00075,193,9,3,0.6436040556919678,0.06209118677274581
DrugNet,Ethnicity,FairNMF,0.001,193,9,3,0.6400036674761949,0.08391222349864784
DrugNet,Ethnicity,FairNMF,0.0025,193,9,3,0.6707836323220938,0.024017037095340286
DrugNet,Ethnicity,FairNMF,0.005,193,9,3,0.6655373523505392,0.050291008048069345
DrugNet,Ethnicity,FairNMF,0.0075,193,9,3,0.6562971013520463,0.04996457171098603
DrugNet,Ethnicity,FairNMF,0.01,193,9,3,0.6612347766193919,0.042966104202698786
DrugNet,Ethnicity,FairNMF,0.025,193,9,3,0.6605437704338804,0.02801275943269485
DrugNet,Ethnicity,FairNMF,0.05,193,9,3,0.6764190225728687,0.0362360230026346
DrugNet,Ethnicity,FairNMF,0.075,193,9,3,0.6740060915885092,0.025966911749714956
DrugNet,Ethnicity,FairNMF,0.1,193,9,3,0.6692428450670208,0.022469069759791255
DrugNet,Ethnicity,FairNMF,0.2,193,9,3,0.6674829037466402,0.0487143782259769
DrugNet,Ethnicity,FairNMF,0.3,193,9,3,0.6767499899368031,0.018975502007005148
DrugNet,Ethnicity,FairNMF,0.4,193,9,3,0.6681537835383989,0.04856947271140721
DrugNet,Ethnicity,FairNMF,0.5,193,9,3,0.6520280696104872,0.02784264952001786
DrugNet,Ethnicity,FairNMF,0.6,193,9,3,0.6680173713140746,0.029350616394223834
DrugNet,Ethnicity,FairNMF,0.7,193,9,3,0.6664117323457983,0.02973024718160538
DrugNet,Ethnicity,FairNMF,0.8,193,9,3,0.6796884434247072,0.032152408165902584
DrugNet,Ethnicity,FairNMF,0.9,193,9,3,0.663037206993251,0.05151332201056414
DrugNet,Ethnicity,FairNMF,1,193,9,3,0.648886115919083,0.02343484034376628
DrugNet,Ethnicity,FairNMF,1.1,193,9,3,0.6610558753415897,0.02954476734465375
DrugNet,Ethnicity,FairNMF,1.2,193,9,3,0.6536113459190384,0.04109613342681112
DrugNet,Ethnicity,FairNMF,1.3,193,9,3,0.6722931118535516,0.03721457625939425
DrugNet,Ethnicity,FairNMF,1.4,193,9,3,0.6750616091275431,0.023604276346302328
DrugNet,Ethnicity,FairNMF,1.5,193,9,3,0.6840491620711401,0.014820042125790947
DrugNet,Ethnicity,FairNMF,1.6,193,9,3,0.6691399768322844,0.047565106270768924
DrugNet,Ethnicity,FairNMF,1.7,193,9,3,0.6675567005237335,0.03521659019775413
DrugNet,Ethnicity,FairNMF,1.8,193,9,3,0.6761819783797804,0.029490748766656444
DrugNet,Ethnicity,FairNMF,1.9,193,9,3,0.6684623882426081,0.027586652050328345
DrugNet,Ethnicity,FairNMF,2,193,9,3,0.6496084298282101,0.04295489745809624
DrugNet,Ethnicity,FairNMF,2.2,193,9,3,0.6699226699226699,0.04698376492137887
DrugNet,Ethnicity,FairNMF,2.4,193,9,3,0.6610938918631225,0.02931746051122241
DrugNet,Ethnicity,FairNMF,2.5,193,9,3,0.6851628225254599,0.030673291745998855
DrugNet,Ethnicity,FairNMF,2.6,193,9,3,0.6681649648682616,0.05644383433207928
DrugNet,Ethnicity,FairNMF,2.8,193,9,3,0.6649111978782308,0.03779149147511799
DrugNet,Ethnicity,FairNMF,3,193,9,3,0.6777048755070733,0.02164080511623384
DrugNet,Ethnicity,FairNMF,3.33,193,9,3,0.6680419702397725,0.018611872032102406
DrugNet,Ethnicity,FairNMF,3.66,193,9,3,0.6596000661934728,0.04820525882635731
DrugNet,Ethnicity,FairNMF,4,193,9,3,0.6653025444234235,0.021843909671599975
DrugNet,Ethnicity,FairNMF,4.33,193,9,3,0.6788990415364041,0.025316328529933967
DrugNet,Ethnicity,FairNMF,4.66,193,9,3,0.6758845550054341,0.030493542219063197
DrugNet,Ethnicity,FairNMF,5,193,9,3,0.6454355575234697,0.033439119140034536
DrugNet,Ethnicity,FairNMF,5.33,193,9,3,0.6627845089383552,0.06959693196594292
DrugNet,Ethnicity,FairNMF,5.66,193,9,3,0.6554316664206774,0.04536736667495114
DrugNet,Ethnicity,FairNMF,6,193,9,3,0.641472894220147,0.022912865305322615
DrugNet,Ethnicity,FairNMF,6.5,193,9,3,0.6647121702066757,0.026860740420957648
DrugNet,Ethnicity,FairNMF,7,193,9,3,0.6479647743384007,0.07353366000596982
DrugNet,Ethnicity,FairNMF,7.5,193,9,3,0.6759158627290495,0.03135964618439716
DrugNet,Ethnicity,FairNMF,8,193,9,3,0.6493110064538636,0.021869638705497338
DrugNet,Ethnicity,FairNMF,8.5,193,9,3,0.6568069699937833,0.03149851527996123
DrugNet,Ethnicity,FairNMF,9,193,9,3,0.6685697290092895,0.0461491573946318
DrugNet,Ethnicity,FairNMF,10,193,9,3,0.6647345328664009,0.018922707574363793
DrugNet,Ethnicity,FairNMF,15,193,9,3,0.6240792174858109,0.036997468809961825
DrugNet,Ethnicity,FairNMF,20,193,9,3,0.6639473672440704,0.047520683899074066
DrugNet,Ethnicity,FairNMF,30,193,9,3,0.6699539776462853,0.0679170506071614
DrugNet,Ethnicity,FairNMF,40,193,9,3,0.66674046344376,0.07513580550688
DrugNet,Ethnicity,FairNMF,50,193,9,3,0.6513706074145634,0.030540961614268874
DrugNet,Ethnicity,FairNMF,60,193,9,3,0.6818374950243081,0.027150204004749715
DrugNet,Ethnicity,FairNMF,70,193,9,3,0.6719263642340566,0.025176907772205798
DrugNet,Ethnicity,FairNMF,80,193,9,3,0.6734470250953768,0.028347020077719404
DrugNet,Ethnicity,FairNMF,90,193,9,3,0.667174299042431,0.02628336127792656
DrugNet,Ethnicity,FairNMF,100,193,9,3,0.6611319083846556,0.05107944182143881
DrugNet,Ethnicity,FairNMF,0,193,10,3,0.6641732301072961,0.038105677600344647
DrugNet,Ethnicity,FairNMF,0.0001,193,10,3,0.6600428468560336,0.0195976879300802
DrugNet,Ethnicity,FairNMF,0.0005,193,10,3,0.6489129511107534,0.05300598997744604
DrugNet,Ethnicity,FairNMF,0.00075,193,10,3,0.6533094500127468,0.05943911600516704
DrugNet,Ethnicity,FairNMF,0.001,193,10,3,0.6596805717684838,0.04473460440258619
DrugNet,Ethnicity,FairNMF,0.0025,193,10,3,0.6767298635430503,0.02162705799111525
DrugNet,Ethnicity,FairNMF,0.005,193,10,3,0.6643812028427414,0.04785442055186236
DrugNet,Ethnicity,FairNMF,0.0075,193,10,3,0.6513214095631678,0.05402959929737058
DrugNet,Ethnicity,FairNMF,0.01,193,10,3,0.6578199984793391,0.03526467468582397
DrugNet,Ethnicity,FairNMF,0.025,193,10,3,0.6896018104809314,0.04265580120705448
DrugNet,Ethnicity,FairNMF,0.05,193,10,3,0.6781096396481012,0.023350041577107922
DrugNet,Ethnicity,FairNMF,0.075,193,10,3,0.6742163005899271,0.024515620839633587
DrugNet,Ethnicity,FairNMF,0.1,193,10,3,0.6776154248681722,0.06269359483558191
DrugNet,Ethnicity,FairNMF,0.2,193,10,3,0.669032636065603,0.06132061511878234
DrugNet,Ethnicity,FairNMF,0.3,193,10,3,0.6701216975942251,0.025298151005320773
DrugNet,Ethnicity,FairNMF,0.4,193,10,3,0.6879425011293144,0.022329954390785247
DrugNet,Ethnicity,FairNMF,0.5,193,10,3,0.6836153264724693,0.02063427721218931
DrugNet,Ethnicity,FairNMF,0.6,193,10,3,0.6701843130414561,0.04730922484297193
DrugNet,Ethnicity,FairNMF,0.7,193,10,3,0.672100792979914,0.026668016464670416
DrugNet,Ethnicity,FairNMF,0.8,193,10,3,0.6821259733347645,0.02461560376271155
DrugNet,Ethnicity,FairNMF,0.9,193,10,3,0.6803995760039716,0.035147906616796974
DrugNet,Ethnicity,FairNMF,1,193,10,3,0.6639339496482354,0.03261130431903591
DrugNet,Ethnicity,FairNMF,1.1,193,10,3,0.6672548046174419,0.02263829428532867
DrugNet,Ethnicity,FairNMF,1.2,193,10,3,0.6762401212950664,0.03684341185027745
DrugNet,Ethnicity,FairNMF,1.3,193,10,3,0.6590253458385327,0.020819569243221762
DrugNet,Ethnicity,FairNMF,1.4,193,10,3,0.6740463443760146,0.03545427045036215
DrugNet,Ethnicity,FairNMF,1.5,193,10,3,0.6681940363259044,0.026801469610349498
DrugNet,Ethnicity,FairNMF,1.6,193,10,3,0.6791003054739319,0.025564381662723696
DrugNet,Ethnicity,FairNMF,1.7,193,10,3,0.6690863064489437,0.022318875472417718
DrugNet,Ethnicity,FairNMF,1.8,193,10,3,0.6795520312003829,0.02323336710088521
DrugNet,Ethnicity,FairNMF,1.9,193,10,3,0.6500087214372928,0.028515952835367137
DrugNet,Ethnicity,FairNMF,2,193,10,3,0.672865595942519,0.03175008083939108
DrugNet,Ethnicity,FairNMF,2.2,193,10,3,0.6874527588813303,0.016191452240176703
DrugNet,Ethnicity,FairNMF,2.4,193,10,3,0.6616373044944474,0.04775941019815536
DrugNet,Ethnicity,FairNMF,2.5,193,10,3,0.6976546042480108,0.021591275328071636
DrugNet,Ethnicity,FairNMF,2.6,193,10,3,0.690203366027542,0.026617959859999485
DrugNet,Ethnicity,FairNMF,2.8,193,10,3,0.665300308157451,0.03500383317881995
DrugNet,Ethnicity,FairNMF,3,193,10,3,0.681291846127011,0.026986098551086423
DrugNet,Ethnicity,FairNMF,3.33,193,10,3,0.6754484831407908,0.04294548369947194
DrugNet,Ethnicity,FairNMF,3.66,193,10,3,0.6797667127337457,0.05106340694357586
DrugNet,Ethnicity,FairNMF,4,193,10,3,0.6781096396481011,0.02137216063601161
DrugNet,Ethnicity,FairNMF,4.33,193,10,3,0.6593496044045494,0.0229049697799449
DrugNet,Ethnicity,FairNMF,4.66,193,10,3,0.6817838246409674,0.020143865420892904
DrugNet,Ethnicity,FairNMF,5,193,10,3,0.6644415820239996,0.033465998008653075
DrugNet,Ethnicity,FairNMF,5.33,193,10,3,0.6935331660606385,0.02040458402937673
DrugNet,Ethnicity,FairNMF,5.66,193,10,3,0.6758644286116814,0.02640112692190955
DrugNet,Ethnicity,FairNMF,6,193,10,3,0.6774141609306445,0.023784754559298654
DrugNet,Ethnicity,FairNMF,6.5,193,10,3,0.6865157634388405,0.023553144365500916
DrugNet,Ethnicity,FairNMF,7,193,10,3,0.6779665186258592,0.0644394565853204
DrugNet,Ethnicity,FairNMF,7.5,193,10,3,0.6804018122699441,0.025143536347284112
DrugNet,Ethnicity,FairNMF,8,193,10,3,0.6794156189760585,0.0365789888231203
DrugNet,Ethnicity,FairNMF,8.5,193,10,3,0.6761752695818629,0.024536415027932214
DrugNet,Ethnicity,FairNMF,9,193,10,3,0.6761752695818629,0.06223484932727714
DrugNet,Ethnicity,FairNMF,10,193,10,3,0.6617066287395958,0.036284768703167554
DrugNet,Ethnicity,FairNMF,15,193,10,3,0.67237138116259,0.01871558193580757
DrugNet,Ethnicity,FairNMF,20,193,10,3,0.6653360884130115,0.03432392507440962
DrugNet,Ethnicity,FairNMF,30,193,10,3,0.6670110516264364,0.041171046334437876
DrugNet,Ethnicity,FairNMF,40,193,10,3,0.6803459056206309,0.018321024354121824
DrugNet,Ethnicity,FairNMF,50,193,10,3,0.6725256835146944,0.02641251412743084
DrugNet,Ethnicity,FairNMF,60,193,10,3,0.6718391498611279,0.05180243842129778
DrugNet,Ethnicity,FairNMF,70,193,10,3,0.649756023382397,0.057816868416945257
DrugNet,Ethnicity,FairNMF,80,193,10,3,0.6706852366193026,0.028635497077223626
DrugNet,Ethnicity,FairNMF,90,193,10,3,0.6907378335949765,0.04916525138142703
DrugNet,Ethnicity,FairNMF,100,193,10,3,0.6493825669649845,0.014424178151741024
DrugNet,Ethnicity,FairNMF,0,193,11,3,0.6568405139833712,0.023150036648541563
DrugNet,Ethnicity,FairNMF,0.0001,193,11,3,0.6635157679113722,0.05705571211091415
DrugNet,Ethnicity,FairNMF,0.0005,193,11,3,0.6681068219529758,0.026609652174514054
DrugNet,Ethnicity,FairNMF,0.00075,193,11,3,0.6646830987490328,0.03844831250542278
DrugNet,Ethnicity,FairNMF,0.001,193,11,3,0.6712308855165997,0.032738235353058226
DrugNet,Ethnicity,FairNMF,0.0025,193,11,3,0.6463859705617948,0.03505054109128118
DrugNet,Ethnicity,FairNMF,0.005,193,11,3,0.6733128491370252,0.027691266567538116
DrugNet,Ethnicity,FairNMF,0.0075,193,11,3,0.667444887225107,0.03176224459109937
DrugNet,Ethnicity,FairNMF,0.01,193,11,3,0.661163216108271,0.033573672467633105
DrugNet,Ethnicity,FairNMF,0.025,193,11,3,0.6795833389239982,0.02613768591130491
DrugNet,Ethnicity,FairNMF,0.05,193,11,3,0.6825083748160671,0.019874077207181956
DrugNet,Ethnicity,FairNMF,0.075,193,11,3,0.6758666648776538,0.018085403617373135
DrugNet,Ethnicity,FairNMF,0.1,193,11,3,0.6840513983371127,0.03675292820841162
DrugNet,Ethnicity,FairNMF,0.2,193,11,3,0.6672234968938265,0.023657523009455353
DrugNet,Ethnicity,FairNMF,0.3,193,11,3,0.6753411423741094,0.031798459712338766
DrugNet,Ethnicity,FairNMF,0.4,193,11,3,0.6810861096575384,0.03382110370347061
DrugNet,Ethnicity,FairNMF,0.5,193,11,3,0.6924508133299342,0.020373252957910867
DrugNet,Ethnicity,FairNMF,0.6,193,11,3,0.6716267045937375,0.03640424683891496
DrugNet,Ethnicity,FairNMF,0.7,193,11,3,0.6695872300267904,0.032000980421500104
DrugNet,Ethnicity,FairNMF,0.8,193,11,3,0.6825061385500947,0.03518185778811669
DrugNet,Ethnicity,FairNMF,0.9,193,11,3,0.6727672002397277,0.023083240287707998
DrugNet,Ethnicity,FairNMF,1,193,11,3,0.6876271876271877,0.020909050895894548
DrugNet,Ethnicity,FairNMF,1.1,193,11,3,0.677411924664672,0.05293005856862527
DrugNet,Ethnicity,FairNMF,1.2,193,11,3,0.6803682682803561,0.03332915554477894
DrugNet,Ethnicity,FairNMF,1.3,193,11,3,0.6639742024357409,0.03674876145037447
DrugNet,Ethnicity,FairNMF,1.4,193,11,3,0.6835817824828814,0.026841629479630424
DrugNet,Ethnicity,FairNMF,1.5,193,11,3,0.675732488919302,0.027966362080293725
DrugNet,Ethnicity,FairNMF,1.6,193,11,3,0.6857241252845648,0.023419334068295078
DrugNet,Ethnicity,FairNMF,1.7,193,11,3,0.689094178105167,0.015574516603225745
DrugNet,Ethnicity,FairNMF,1.8,193,11,3,0.6792389539642287,0.04131270912382584
DrugNet,Ethnicity,FairNMF,1.9,193,11,3,0.6780224252751726,0.020223942869549465
DrugNet,Ethnicity,FairNMF,2,193,11,3,0.6885351116120347,0.03346182156527342
DrugNet,Ethnicity,FairNMF,2.2,193,11,3,0.6673532003202333,0.020962312211707395
DrugNet,Ethnicity,FairNMF,2.4,193,11,3,0.6795341410726027,0.026677317651173513
DrugNet,Ethnicity,FairNMF,2.5,193,11,3,0.6862831917776971,0.027645668976433113
DrugNet,Ethnicity,FairNMF,2.6,193,11,3,0.6834811505141175,0.03351439790380611
DrugNet,Ethnicity,FairNMF,2.8,193,11,3,0.674102251025328,0.02619819145343205
DrugNet,Ethnicity,FairNMF,3,193,11,3,0.6681604923363166,0.02309822438615892
DrugNet,Ethnicity,FairNMF,3.33,193,11,3,0.6838792058572277,0.020807767301468865
DrugNet,Ethnicity,FairNMF,3.66,193,11,3,0.6695782849629004,0.034563133765062336
DrugNet,Ethnicity,FairNMF,4,193,11,3,0.6843130414558987,0.023787050148341145
DrugNet,Ethnicity,FairNMF,4.33,193,11,3,0.677230787120897,0.02878481843929014
DrugNet,Ethnicity,FairNMF,4.66,193,11,3,0.670421357234544,0.033449085898159245
DrugNet,Ethnicity,FairNMF,5,193,11,3,0.6842414809447778,0.028336564842977075
DrugNet,Ethnicity,FairNMF,5.33,193,11,3,0.6777585458904141,0.020641421259864776
DrugNet,Ethnicity,FairNMF,5.66,193,11,3,0.6672056067660463,0.02125777475941353
DrugNet,Ethnicity,FairNMF,6,193,11,3,0.6818374950243081,0.04057686265114956
DrugNet,Ethnicity,FairNMF,6.5,193,11,3,0.6711995777929843,0.01705068294654459
DrugNet,Ethnicity,FairNMF,7,193,11,3,0.6517395913000308,0.055714217110789784
DrugNet,Ethnicity,FairNMF,7.5,193,11,3,0.6684825146363608,0.03834986248576169
DrugNet,Ethnicity,FairNMF,8,193,11,3,0.6771950068653365,0.050052670104685136
DrugNet,Ethnicity,FairNMF,8.5,193,11,3,0.6787894645037503,0.02391892700693322
DrugNet,Ethnicity,FairNMF,9,193,11,3,0.679408910178141,0.026968052278459526
DrugNet,Ethnicity,FairNMF,10,193,11,3,0.670598022246374,0.0326884650047626
DrugNet,Ethnicity,FairNMF,15,193,11,3,0.670045664551159,0.037567976725087104
DrugNet,Ethnicity,FairNMF,20,193,11,3,0.665262291635918,0.021174328698126636
DrugNet,Ethnicity,FairNMF,30,193,11,3,0.6745875207413669,0.032315908560310844
DrugNet,Ethnicity,FairNMF,40,193,11,3,0.6795207234767675,0.027599078758969765
DrugNet,Ethnicity,FairNMF,50,193,11,3,0.6899596130365361,0.023253992930167302
DrugNet,Ethnicity,FairNMF,60,193,11,3,0.6732368160939589,0.023855975963510963
DrugNet,Ethnicity,FairNMF,70,193,11,3,0.6729975356348984,0.02459543618920454
DrugNet,Ethnicity,FairNMF,80,193,11,3,0.6650341925067199,0.04054469768185973
DrugNet,Ethnicity,FairNMF,90,193,11,3,0.6461489263687066,0.045708594515058716
DrugNet,Ethnicity,FairNMF,100,193,11,3,0.6721947161507602,0.04196602011524728
DrugNet,Ethnicity,FairNMF,0,193,12,3,0.6666398314749964,0.025028428841575995
DrugNet,Ethnicity,FairNMF,0.0001,193,12,3,0.6581218943856306,0.03483178838159128
DrugNet,Ethnicity,FairNMF,0.0005,193,12,3,0.6590946700836811,0.03414260189199248
DrugNet,Ethnicity,FairNMF,0.00075,193,12,3,0.6692339000031308,0.026774040594595653
DrugNet,Ethnicity,FairNMF,0.001,193,12,3,0.6669327823173977,0.042843954320422074
DrugNet,Ethnicity,FairNMF,0.0025,193,12,3,0.6622835853605086,0.03824143420156927
DrugNet,Ethnicity,FairNMF,0.005,193,12,3,0.6828236883181938,0.03275315897850635
DrugNet,Ethnicity,FairNMF,0.0075,193,12,3,0.6694441090045485,0.0376215932355171
DrugNet,Ethnicity,FairNMF,0.01,193,12,3,0.6688403171919655,0.05177658605651401
DrugNet,Ethnicity,FairNMF,0.025,193,12,3,0.6749274331691915,0.04422216591142827
DrugNet,Ethnicity,FairNMF,0.05,193,12,3,0.6800797899698998,0.01874279138964671
DrugNet,Ethnicity,FairNMF,0.075,193,12,3,0.6749811035525322,0.03272621932002996
DrugNet,Ethnicity,FairNMF,0.1,193,12,3,0.6881974354501827,0.01891375336464785
DrugNet,Ethnicity,FairNMF,0.2,193,12,3,0.679856163372647,0.024083680679915384
DrugNet,Ethnicity,FairNMF,0.3,193,12,3,0.6715909243381771,0.01981770367272979
DrugNet,Ethnicity,FairNMF,0.4,193,12,3,0.6824591769646715,0.019804392269288366
DrugNet,Ethnicity,FairNMF,0.5,193,12,3,0.6808177577408348,0.025609958328358388
DrugNet,Ethnicity,FairNMF,0.6,193,12,3,0.6610335126818644,0.02246446679110596
DrugNet,Ethnicity,FairNMF,0.7,193,12,3,0.6890114362641836,0.026342261742528458
DrugNet,Ethnicity,FairNMF,0.8,193,12,3,0.6633458116974601,0.050171607608380096
DrugNet,Ethnicity,FairNMF,0.9,193,12,3,0.6814304946173078,0.04844406406988838
DrugNet,Ethnicity,FairNMF,1,193,12,3,0.6824591769646715,0.03833352347933861
DrugNet,Ethnicity,FairNMF,1.1,193,12,3,0.6838993322509807,0.053856323112669746
DrugNet,Ethnicity,FairNMF,1.2,193,12,3,0.688662578772469,0.031114736277963826
DrugNet,Ethnicity,FairNMF,1.3,193,12,3,0.6843935470309096,0.038188582555289785
DrugNet,Ethnicity,FairNMF,1.4,193,12,3,0.6962211577596192,0.020606241434711455
DrugNet,Ethnicity,FairNMF,1.5,193,12,3,0.6831949084696339,0.02530608181088261
DrugNet,Ethnicity,FairNMF,1.6,193,12,3,0.6830808589050347,0.019825991758722603
DrugNet,Ethnicity,FairNMF,1.7,193,12,3,0.6843219865197888,0.024817418151102295
DrugNet,Ethnicity,FairNMF,1.8,193,12,3,0.6857017626248396,0.02469939763330378
DrugNet,Ethnicity,FairNMF,1.9,193,12,3,0.6869607803673737,0.040483341486190115
DrugNet,Ethnicity,FairNMF,2,193,12,3,0.697934137494577,0.02247283004200108
DrugNet,Ethnicity,FairNMF,2.2,193,12,3,0.6842839699982558,0.029644958632245522
DrugNet,Ethnicity,FairNMF,2.4,193,12,3,0.6779106119765461,0.01682089504291943
DrugNet,Ethnicity,FairNMF,2.5,193,12,3,0.6903755585074266,0.019329640682435176
DrugNet,Ethnicity,FairNMF,2.6,193,12,3,0.6879469736612593,0.019409368699194792
DrugNet,Ethnicity,FairNMF,2.8,193,12,3,0.6808781369220931,0.030365337512917496
DrugNet,Ethnicity,FairNMF,3,193,12,3,0.6956285472768989,0.02058102925339041
DrugNet,Ethnicity,FairNMF,3.33,193,12,3,0.6699338512525327,0.025993548501935238
DrugNet,Ethnicity,FairNMF,3.66,193,12,3,0.6761663245179729,0.02769020718869505
DrugNet,Ethnicity,FairNMF,4,193,12,3,0.6771704079396388,0.025803156055849836
DrugNet,Ethnicity,FairNMF,4.33,193,12,3,0.6768841658951551,0.03859002833288935
DrugNet,Ethnicity,FairNMF,4.66,193,12,3,0.6817368630555444,0.02153163343661063
DrugNet,Ethnicity,FairNMF,5,193,12,3,0.6720448863306006,0.052975417398334
DrugNet,Ethnicity,FairNMF,5.33,193,12,3,0.6819515445889074,0.044184623858051185
DrugNet,Ethnicity,FairNMF,5.66,193,12,3,0.68610876303184,0.022719946757284337
DrugNet,Ethnicity,FairNMF,6,193,12,3,0.6750973893831036,0.033479521743364514
DrugNet,Ethnicity,FairNMF,6.5,193,12,3,0.651934146439641,0.028942398164316385
DrugNet,Ethnicity,FairNMF,7,193,12,3,0.6634822239217844,0.022458648655613003
DrugNet,Ethnicity,FairNMF,7.5,193,12,3,0.6815020551284287,0.0464958120411704
DrugNet,Ethnicity,FairNMF,8,193,12,3,0.6739568937371135,0.022039567859042448
DrugNet,Ethnicity,FairNMF,8.5,193,12,3,0.6746903889761032,0.02883917298897909
DrugNet,Ethnicity,FairNMF,9,193,12,3,0.6839507663683487,0.021248237706148292
DrugNet,Ethnicity,FairNMF,10,193,12,3,0.6923501813611703,0.033147877492815024
DrugNet,Ethnicity,FairNMF,15,193,12,3,0.68855747427176,0.028380834561435375
DrugNet,Ethnicity,FairNMF,20,193,12,3,0.6659711879492098,0.024271579592252596
DrugNet,Ethnicity,FairNMF,30,193,12,3,0.6818844566097314,0.0374573303783235
DrugNet,Ethnicity,FairNMF,40,193,12,3,0.6653651598706545,0.025033379769270184
DrugNet,Ethnicity,FairNMF,50,193,12,3,0.6801804219386637,0.020663004809468512
DrugNet,Ethnicity,FairNMF,60,193,12,3,0.658752521389884,0.01958099717944893
DrugNet,Ethnicity,FairNMF,70,193,12,3,0.669479889260109,0.029406397813181957
DrugNet,Ethnicity,FairNMF,80,193,12,3,0.6746903889761033,0.024454397728067834
DrugNet,Ethnicity,FairNMF,90,193,12,3,0.6534950600884667,0.02858012966191574
DrugNet,Ethnicity,FairNMF,100,193,12,3,0.6802251472581143,0.0657139777718113
DrugNet,Ethnicity,FairNMF,0,193,13,3,0.6512341951902392,0.02504602092294982
DrugNet,Ethnicity,FairNMF,0.0001,193,13,3,0.6752673455970158,0.026407671400760835
DrugNet,Ethnicity,FairNMF,0.0005,193,13,3,0.6704168847025991,0.030028205746373715
DrugNet,Ethnicity,FairNMF,0.00075,193,13,3,0.6505342439408373,0.04757840074597758
DrugNet,Ethnicity,FairNMF,0.001,193,13,3,0.6797331687441578,0.03549375090158189
DrugNet,Ethnicity,FairNMF,0.0025,193,13,3,0.6813253901165989,0.04413768892648998
DrugNet,Ethnicity,FairNMF,0.005,193,13,3,0.6739300585454432,0.04169562036696555
DrugNet,Ethnicity,FairNMF,0.0075,193,13,3,0.6696252465483236,0.025883935316731305
DrugNet,Ethnicity,FairNMF,0.01,193,13,3,0.6666778479965294,0.04318143315254199
DrugNet,Ethnicity,FairNMF,0.025,193,13,3,0.6826693859660894,0.01554361803194169
DrugNet,Ethnicity,FairNMF,0.05,193,13,3,0.6829041938932049,0.01920329753586847
DrugNet,Ethnicity,FairNMF,0.075,193,13,3,0.6808468291984776,0.020880969253008596
DrugNet,Ethnicity,FairNMF,0.1,193,13,3,0.677197243131309,0.025337729715288526
DrugNet,Ethnicity,FairNMF,0.2,193,13,3,0.6890516890516891,0.01735919196813193
DrugNet,Ethnicity,FairNMF,0.3,193,13,3,0.6819917973764129,0.034996466855920595
DrugNet,Ethnicity,FairNMF,0.4,193,13,3,0.6776713315174855,0.030082236712803037
DrugNet,Ethnicity,FairNMF,0.5,193,13,3,0.6804510101213399,0.024975401157852434
DrugNet,Ethnicity,FairNMF,0.6,193,13,3,0.6744376909212074,0.02387161144545231
DrugNet,Ethnicity,FairNMF,0.7,193,13,3,0.6749117793073838,0.01771617253905276
DrugNet,Ethnicity,FairNMF,0.8,193,13,3,0.6872246597521322,0.014677593343006825
DrugNet,Ethnicity,FairNMF,0.9,193,13,3,0.6704862089477475,0.024036594865334784
DrugNet,Ethnicity,FairNMF,1,193,13,3,0.6830965127668426,0.037210553186023225
DrugNet,Ethnicity,FairNMF,1.1,193,13,3,0.6764369127006491,0.0187245169708935
DrugNet,Ethnicity,FairNMF,1.2,193,13,3,0.686965252899319,0.02191011436144442
DrugNet,Ethnicity,FairNMF,1.3,193,13,3,0.685491553623422,0.010739031557178563
DrugNet,Ethnicity,FairNMF,1.4,193,13,3,0.677792089880002,0.023579804376308713
DrugNet,Ethnicity,FairNMF,1.5,193,13,3,0.6979073023029067,0.017501375234403406
DrugNet,Ethnicity,FairNMF,1.6,193,13,3,0.6842616073385305,0.0294969776665036
DrugNet,Ethnicity,FairNMF,1.7,193,13,3,0.6750057024782299,0.020634316610109334
DrugNet,Ethnicity,FairNMF,1.8,193,13,3,0.6857666143380429,0.017728971563165333
DrugNet,Ethnicity,FairNMF,1.9,193,13,3,0.6931619459091989,0.015798851015637674
DrugNet,Ethnicity,FairNMF,2,193,13,3,0.684639536287888,0.021015582005082214
DrugNet,Ethnicity,FairNMF,2.2,193,13,3,0.6932961218675505,0.01727439089269687
DrugNet,Ethnicity,FairNMF,2.4,193,13,3,0.6853104160796469,0.01651245925411111
DrugNet,Ethnicity,FairNMF,2.5,193,13,3,0.6730221345605961,0.027853167348903567
DrugNet,Ethnicity,FairNMF,2.6,193,13,3,0.6864822194492524,0.022278409265633098
DrugNet,Ethnicity,FairNMF,2.8,193,13,3,0.6754753183324612,0.02341174384523005
DrugNet,Ethnicity,FairNMF,3,193,13,3,0.6899886844941792,0.027251540286916218
DrugNet,Ethnicity,FairNMF,3.33,193,13,3,0.6855206250810647,0.019701458902208497
DrugNet,Ethnicity,FairNMF,3.66,193,13,3,0.6673263651285629,0.025006845348569697
DrugNet,Ethnicity,FairNMF,4,193,13,3,0.6716401221895727,0.026432877722564575
DrugNet,Ethnicity,FairNMF,4.33,193,13,3,0.6888414800502712,0.023646566081231418
DrugNet,Ethnicity,FairNMF,4.66,193,13,3,0.6871307365812861,0.01849639868056897
DrugNet,Ethnicity,FairNMF,5,193,13,3,0.6928399236091546,0.0169127584936343
DrugNet,Ethnicity,FairNMF,5.33,193,13,3,0.6927415279063632,0.026497022376203296
DrugNet,Ethnicity,FairNMF,5.66,193,13,3,0.6866566481951097,0.017140309381355228
DrugNet,Ethnicity,FairNMF,6,193,13,3,0.6889197493593099,0.013799560778330151
DrugNet,Ethnicity,FairNMF,6.5,193,13,3,0.6659286988957319,0.028220804270198005
DrugNet,Ethnicity,FairNMF,7,193,13,3,0.6827051662216498,0.01879037937335834
DrugNet,Ethnicity,FairNMF,7.5,193,13,3,0.6835370571634307,0.021763488348856424
DrugNet,Ethnicity,FairNMF,8,193,13,3,0.6756989449297142,0.03482190614663567
DrugNet,Ethnicity,FairNMF,8.5,193,13,3,0.6802273835240867,0.03764560540580885
DrugNet,Ethnicity,FairNMF,9,193,13,3,0.6821103194729567,0.022640189574299936
DrugNet,Ethnicity,FairNMF,10,193,13,3,0.6531886916502302,0.054817407249508975
DrugNet,Ethnicity,FairNMF,15,193,13,3,0.6582068724925868,0.031903176684659425
DrugNet,Ethnicity,FairNMF,20,193,13,3,0.6642045378309115,0.02418288730600632
DrugNet,Ethnicity,FairNMF,30,193,13,3,0.6715551440826166,0.024409748372480198
DrugNet,Ethnicity,FairNMF,40,193,13,3,0.6839373487725137,0.028536319983750835
DrugNet,Ethnicity,FairNMF,50,193,13,3,0.6623775085313547,0.03170715798325824
DrugNet,Ethnicity,FairNMF,60,193,13,3,0.6664340950055236,0.020137464295820855
DrugNet,Ethnicity,FairNMF,70,193,13,3,0.6660874737797816,0.027111891582117163
DrugNet,Ethnicity,FairNMF,80,193,13,3,0.6518961299181079,0.026207261801934074
DrugNet,Ethnicity,FairNMF,90,193,13,3,0.6484343901926319,0.03453813688918362
DrugNet,Ethnicity,FairNMF,100,193,13,3,0.6840804697947555,0.02631764695425229
DrugNet,Ethnicity,FairNMF,0,193,14,3,0.6769423088104408,0.01700851942633128
DrugNet,Ethnicity,FairNMF,0.0001,193,14,3,0.677112265024353,0.02171884246376016
DrugNet,Ethnicity,FairNMF,0.0005,193,14,3,0.6623730359994097,0.031969184513769636
DrugNet,Ethnicity,FairNMF,0.00075,193,14,3,0.6665235456444248,0.031032763316123008
DrugNet,Ethnicity,FairNMF,0.001,193,14,3,0.6659667154172649,0.02017195569352607
DrugNet,Ethnicity,FairNMF,0.0025,193,14,3,0.669086306448944,0.026960503806503097
DrugNet,Ethnicity,FairNMF,0.005,193,14,3,0.6866141591416316,0.018532688705480232
DrugNet,Ethnicity,FairNMF,0.0075,193,14,3,0.6833492108217384,0.01581331899972245
DrugNet,Ethnicity,FairNMF,0.01,193,14,3,0.6907445423928942,0.016705106883975553
DrugNet,Ethnicity,FairNMF,0.025,193,14,3,0.6849190695344541,0.01748541152786041
DrugNet,Ethnicity,FairNMF,0.05,193,14,3,0.6815736156395498,0.015770327348954064
DrugNet,Ethnicity,FairNMF,0.075,193,14,3,0.6706606376936047,0.023639604937666068
DrugNet,Ethnicity,FairNMF,0.1,193,14,3,0.6722841667896614,0.016859404631213982
DrugNet,Ethnicity,FairNMF,0.2,193,14,3,0.6877121657341437,0.019230005317952274
DrugNet,Ethnicity,FairNMF,0.3,193,14,3,0.6777250019008262,0.019954821963763428
DrugNet,Ethnicity,FairNMF,0.4,193,14,3,0.6766202865103964,0.03962119813951553
DrugNet,Ethnicity,FairNMF,0.5,193,14,3,0.684749113320542,0.028354170607063633
DrugNet,Ethnicity,FairNMF,0.6,193,14,3,0.6759695331123902,0.01277763488523704
DrugNet,Ethnicity,FairNMF,0.7,193,14,3,0.6768752208312647,0.029869771917312243
DrugNet,Ethnicity,FairNMF,0.8,193,14,3,0.668533948753729,0.04637011442625382
DrugNet,Ethnicity,FairNMF,0.9,193,14,3,0.6851426961317072,0.016049050084416334
DrugNet,Ethnicity,FairNMF,1,193,14,3,0.6950091016025083,0.01604471093620172
DrugNet,Ethnicity,FairNMF,1.1,193,14,3,0.6811487251047691,0.01646924368649067
DrugNet,Ethnicity,FairNMF,1.2,193,14,3,0.7010358383984759,0.013169023395467295
DrugNet,Ethnicity,FairNMF,1.3,193,14,3,0.6981689454216928,0.017717640747123304
DrugNet,Ethnicity,FairNMF,1.4,193,14,3,0.6691198504385317,0.02556979770844071
DrugNet,Ethnicity,FairNMF,1.5,193,14,3,0.6936762870828805,0.030664703101284847
DrugNet,Ethnicity,FairNMF,1.6,193,14,3,0.6764480940305116,0.019853413157508177
DrugNet,Ethnicity,FairNMF,1.7,193,14,3,0.6839418213044587,0.019625897076661947
DrugNet,Ethnicity,FairNMF,1.8,193,14,3,0.6764302039027315,0.017574539210906303
DrugNet,Ethnicity,FairNMF,1.9,193,14,3,0.680920625975571,0.02034977522487901
DrugNet,Ethnicity,FairNMF,2,193,14,3,0.6833894636092438,0.021585553287087656
DrugNet,Ethnicity,FairNMF,2.2,193,14,3,0.6798181468511139,0.020878133493230495
DrugNet,Ethnicity,FairNMF,2.4,193,14,3,0.6901161516546132,0.012222011144555234
DrugNet,Ethnicity,FairNMF,2.5,193,14,3,0.6914221309825707,0.029173163347481268
DrugNet,Ethnicity,FairNMF,2.6,193,14,3,0.6855631141345427,0.015894532071159553
DrugNet,Ethnicity,FairNMF,2.8,193,14,3,0.6837673925586015,0.020797331190758873
DrugNet,Ethnicity,FairNMF,3,193,14,3,0.6861490158193456,0.014555335060606986
DrugNet,Ethnicity,FairNMF,3.33,193,14,3,0.693707594806496,0.018958802120023665
DrugNet,Ethnicity,FairNMF,3.66,193,14,3,0.6813835330318847,0.02712896788021185
DrugNet,Ethnicity,FairNMF,4,193,14,3,0.6763295719339677,0.03717941114062223
DrugNet,Ethnicity,FairNMF,4.33,193,14,3,0.6907534874567842,0.023927449822402146
DrugNet,Ethnicity,FairNMF,4.66,193,14,3,0.675804049430423,0.021233115789395556
DrugNet,Ethnicity,FairNMF,5,193,14,3,0.6885127489523094,0.03791366432423643
DrugNet,Ethnicity,FairNMF,5.33,193,14,3,0.6746188284649822,0.025582511689695858
DrugNet,Ethnicity,FairNMF,5.66,193,14,3,0.6791249043996297,0.03897942272723574
DrugNet,Ethnicity,FairNMF,6,193,14,3,0.6775080841014907,0.017518767495494667
DrugNet,Ethnicity,FairNMF,6.5,193,14,3,0.6878150339688801,0.016233765339997503
DrugNet,Ethnicity,FairNMF,7,193,14,3,0.676580033722891,0.03154703165585818
DrugNet,Ethnicity,FairNMF,7.5,193,14,3,0.6675276290660906,0.02980936640419402
DrugNet,Ethnicity,FairNMF,8,193,14,3,0.6924262144042364,0.02507286708619767
DrugNet,Ethnicity,FairNMF,8.5,193,14,3,0.6788252447593107,0.022072195899241854
DrugNet,Ethnicity,FairNMF,9,193,14,3,0.6772061881951993,0.02140896140492146
DrugNet,Ethnicity,FairNMF,10,193,14,3,0.6927437641723356,0.020712282420218914
DrugNet,Ethnicity,FairNMF,15,193,14,3,0.661500892270123,0.022345562874340964
DrugNet,Ethnicity,FairNMF,20,193,14,3,0.6782057990849201,0.018598881480881197
DrugNet,Ethnicity,FairNMF,30,193,14,3,0.6649067253462858,0.01781156259380383
DrugNet,Ethnicity,FairNMF,40,193,14,3,0.6733352117967503,0.028155851236611153
DrugNet,Ethnicity,FairNMF,50,193,14,3,0.6724228152799582,0.02460856058733396
DrugNet,Ethnicity,FairNMF,60,193,14,3,0.6696297190802686,0.030543985803745465
DrugNet,Ethnicity,FairNMF,70,193,14,3,0.6578557787348996,0.04262555796897106
DrugNet,Ethnicity,FairNMF,80,193,14,3,0.67368854182041,0.041788621773839324
DrugNet,Ethnicity,FairNMF,90,193,14,3,0.686978670495154,0.029095840596140368
DrugNet,Ethnicity,FairNMF,100,193,14,3,0.6925447365007805,0.01720414424018554
