network,attr,method,lam,nodes (n),clusters (k),groups (h),Q_FNMTF,B_FNMTF
LastFM,Gender,FairNMF,0,5576,2,6,0.354513855,0.034450132
LastFM,Gender,FairNMF,0.001,5576,2,6,0.357911752,0.030625132
LastFM,Gender,FairNMF,0.005,5576,2,6,0.359123155,0.03232469
LastFM,Gender,FairNMF,0.0075,5576,2,6,0.359463787,0.038252249
LastFM,Gender,FairNMF,0.01,5576,2,6,0.357461736,0.033827112
LastFM,Gender,FairNMF,0.025,5576,2,6,0.354536643,0.03460092
LastFM,Gender,FairNMF,0.05,5576,2,6,0.354500751,0.042327114
LastFM,Gender,FairNMF,0.075,5576,2,6,0.358152538,0.038681065
LastFM,Gender,FairNMF,0.1,5576,2,6,0.357672322,0.037779534
LastFM,Gender,FairNMF,0.2,5576,2,6,0.35771353,0.040685039
LastFM,Gender,FairNMF,0.4,5576,2,6,0.355669393,0.046385586
LastFM,Gender,FairNMF,0.5,5576,2,6,0.355723502,0.046174533
LastFM,Gender,FairNMF,0.6,5576,2,6,0.3543492,0.048204313
LastFM,Gender,FairNMF,0.8,5576,2,6,0.354654873,0.049983956
LastFM,Gender,FairNMF,1,5576,2,6,0.35349645,0.053327462
LastFM,Gender,FairNMF,1.2,5576,2,6,0.35247471,0.055114182
LastFM,Gender,FairNMF,1.4,5576,2,6,0.352452205,0.057192316
LastFM,Gender,FairNMF,1.5,5576,2,6,0.350915515,0.060711546
LastFM,Gender,FairNMF,1.6,5576,2,6,0.350720075,0.059152419
LastFM,Gender,FairNMF,1.8,5576,2,6,0.348424412,0.068645601
LastFM,Gender,FairNMF,2,5576,2,6,0.349289217,0.064642217
LastFM,Gender,FairNMF,2.5,5576,2,6,0.34826028,0.071928065
LastFM,Gender,FairNMF,3,5576,2,6,0.345845066,0.07736676
LastFM,Gender,FairNMF,3.5,5576,2,6,0.345800484,0.075972518
LastFM,Gender,FairNMF,4,5576,2,6,0.345901781,0.07729332
LastFM,Gender,FairNMF,4.5,5576,2,6,0.345874002,0.077047931
LastFM,Gender,FairNMF,5,5576,2,6,0.34094949,0.089503794
LastFM,Gender,FairNMF,6,5576,2,6,0.342418095,0.083282236
LastFM,Gender,FairNMF,7,5576,2,6,0.339050474,0.095909984
LastFM,Gender,FairNMF,8,5576,2,6,0.341111755,0.087142684
LastFM,Gender,FairNMF,9,5576,2,6,0.340703462,0.087799221
LastFM,Gender,FairNMF,10,5576,2,6,0.340190443,0.089507053
LastFM,Gender,FairNMF,15,5576,2,6,0.33301545,0.104874003
LastFM,Gender,FairNMF,20,5576,2,6,0.332337591,0.103254707
LastFM,Gender,FairNMF,25,5576,2,6,0.330998657,0.104505255
LastFM,Gender,FairNMF,30,5576,2,6,0.329635067,0.107020496
LastFM,Gender,FairNMF,35,5576,2,6,0.32869736,0.112048357
LastFM,Gender,FairNMF,40,5576,2,6,0.326900804,0.114256
LastFM,Gender,FairNMF,45,5576,2,6,0.325780721,0.122753674
LastFM,Gender,FairNMF,50,5576,2,6,0.324867167,0.116751211
LastFM,Gender,FairNMF,60,5576,2,6,0.322793722,0.120342131
LastFM,Gender,FairNMF,70,5576,2,6,0.319540852,0.123421585
LastFM,Gender,FairNMF,80,5576,2,6,0.315803356,0.124722196
LastFM,Gender,FairNMF,90,5576,2,6,0.310260135,0.125771584
LastFM,Gender,FairNMF,100,5576,2,6,0.304269386,0.134651047
LastFM,Gender,FairNMF,0,5576,3,6,0.579292239,0.02149513
LastFM,Gender,FairNMF,0.001,5576,3,6,0.566645347,0.024119862
LastFM,Gender,FairNMF,0.005,5576,3,6,0.577800063,0.025708446
LastFM,Gender,FairNMF,0.0075,5576,3,6,0.58492455,0.027389391
LastFM,Gender,FairNMF,0.01,5576,3,6,0.593542408,0.022180382
LastFM,Gender,FairNMF,0.025,5576,3,6,0.608410324,0.027959422
LastFM,Gender,FairNMF,0.05,5576,3,6,0.580018342,0.030579265
LastFM,Gender,FairNMF,0.075,5576,3,6,0.562561483,0.043735713
LastFM,Gender,FairNMF,0.1,5576,3,6,0.592366054,0.028948041
LastFM,Gender,FairNMF,0.2,5576,3,6,0.570534007,0.037167811
LastFM,Gender,FairNMF,0.4,5576,3,6,0.500434359,0.049883783
LastFM,Gender,FairNMF,0.5,5576,3,6,0.556061946,0.051631491
LastFM,Gender,FairNMF,0.6,5576,3,6,0.567238549,0.039870209
LastFM,Gender,FairNMF,0.8,5576,3,6,0.547868864,0.054365665
LastFM,Gender,FairNMF,1,5576,3,6,0.571567528,0.039095723
LastFM,Gender,FairNMF,1.2,5576,3,6,0.540535808,0.049138019
LastFM,Gender,FairNMF,1.4,5576,3,6,0.559041657,0.043042559
LastFM,Gender,FairNMF,1.5,5576,3,6,0.471598091,0.041647482
LastFM,Gender,FairNMF,1.6,5576,3,6,0.47410387,0.047885363
LastFM,Gender,FairNMF,1.8,5576,3,6,0.555849716,0.043573188
LastFM,Gender,FairNMF,2,5576,3,6,0.551054196,0.053152253
LastFM,Gender,FairNMF,2.5,5576,3,6,0.544499538,0.047854635
LastFM,Gender,FairNMF,3,5576,3,6,0.5436247,0.048794762
LastFM,Gender,FairNMF,3.5,5576,3,6,0.552652833,0.054328263
LastFM,Gender,FairNMF,4,5576,3,6,0.537269928,0.048576475
LastFM,Gender,FairNMF,4.5,5576,3,6,0.5420197,0.059922277
LastFM,Gender,FairNMF,5,5576,3,6,0.543661728,0.067660146
LastFM,Gender,FairNMF,6,5576,3,6,0.54072547,0.061457258
LastFM,Gender,FairNMF,7,5576,3,6,0.537105433,0.065337957
LastFM,Gender,FairNMF,8,5576,3,6,0.538826315,0.073759724
LastFM,Gender,FairNMF,9,5576,3,6,0.536626247,0.071917788
LastFM,Gender,FairNMF,10,5576,3,6,0.514297183,0.061387988
LastFM,Gender,FairNMF,15,5576,3,6,0.513557811,0.065200588
LastFM,Gender,FairNMF,20,5576,3,6,0.511320876,0.044479838
LastFM,Gender,FairNMF,25,5576,3,6,0.506812888,0.062900371
LastFM,Gender,FairNMF,30,5576,3,6,0.506459738,0.064147329
LastFM,Gender,FairNMF,35,5576,3,6,0.511309487,0.074486622
LastFM,Gender,FairNMF,40,5576,3,6,0.523196379,0.112117044
LastFM,Gender,FairNMF,45,5576,3,6,0.51361586,0.089523101
LastFM,Gender,FairNMF,50,5576,3,6,0.504187058,0.077367885
LastFM,Gender,FairNMF,60,5576,3,6,0.511332613,0.106672982
LastFM,Gender,FairNMF,70,5576,3,6,0.493066218,0.091917311
LastFM,Gender,FairNMF,80,5576,3,6,0.504381428,0.114151451
LastFM,Gender,FairNMF,90,5576,3,6,0.490214038,0.091357928
LastFM,Gender,FairNMF,100,5576,3,6,0.486694367,0.099452567
LastFM,Gender,FairNMF,0,5576,4,6,0.655970752,0.020603255
LastFM,Gender,FairNMF,0.001,5576,4,6,0.692714251,0.019085272
LastFM,Gender,FairNMF,0.005,5576,4,6,0.650067745,0.020599403
LastFM,Gender,FairNMF,0.0075,5576,4,6,0.682291381,0.022691367
LastFM,Gender,FairNMF,0.01,5576,4,6,0.608931675,0.029278582
LastFM,Gender,FairNMF,0.025,5576,4,6,0.687235628,0.02345614
LastFM,Gender,FairNMF,0.05,5576,4,6,0.689282408,0.027092244
LastFM,Gender,FairNMF,0.075,5576,4,6,0.684001955,0.027448565
LastFM,Gender,FairNMF,0.1,5576,4,6,0.57941937,0.030540866
LastFM,Gender,FairNMF,0.2,5576,4,6,0.660791011,0.037225654
LastFM,Gender,FairNMF,0.4,5576,4,6,0.627287127,0.033255419
LastFM,Gender,FairNMF,0.5,5576,4,6,0.663410505,0.031653268
LastFM,Gender,FairNMF,0.6,5576,4,6,0.635093569,0.02845875
LastFM,Gender,FairNMF,0.8,5576,4,6,0.637608381,0.032316377
LastFM,Gender,FairNMF,1,5576,4,6,0.669196563,0.030644194
LastFM,Gender,FairNMF,1.2,5576,4,6,0.663331125,0.031465913
LastFM,Gender,FairNMF,1.4,5576,4,6,0.657399972,0.030926997
LastFM,Gender,FairNMF,1.5,5576,4,6,0.580782011,0.040327806
LastFM,Gender,FairNMF,1.6,5576,4,6,0.621222457,0.037633791
LastFM,Gender,FairNMF,1.8,5576,4,6,0.622311013,0.033204403
LastFM,Gender,FairNMF,2,5576,4,6,0.659522637,0.030828912
LastFM,Gender,FairNMF,2.5,5576,4,6,0.569870191,0.042045879
LastFM,Gender,FairNMF,3,5576,4,6,0.608348702,0.038965674
LastFM,Gender,FairNMF,3.5,5576,4,6,0.597978355,0.037107627
LastFM,Gender,FairNMF,4,5576,4,6,0.61182271,0.041121212
LastFM,Gender,FairNMF,4.5,5576,4,6,0.568945451,0.045353521
LastFM,Gender,FairNMF,5,5576,4,6,0.644101982,0.037098483
LastFM,Gender,FairNMF,6,5576,4,6,0.598999437,0.03727994
LastFM,Gender,FairNMF,7,5576,4,6,0.559933393,0.044823014
LastFM,Gender,FairNMF,8,5576,4,6,0.63663653,0.038567074
LastFM,Gender,FairNMF,9,5576,4,6,0.592102065,0.040259062
LastFM,Gender,FairNMF,10,5576,4,6,0.592188137,0.039059846
LastFM,Gender,FairNMF,15,5576,4,6,0.629990704,0.041385938
LastFM,Gender,FairNMF,20,5576,4,6,0.590032845,0.048790382
LastFM,Gender,FairNMF,25,5576,4,6,0.625382182,0.043226721
LastFM,Gender,FairNMF,30,5576,4,6,0.623594764,0.044343468
LastFM,Gender,FairNMF,35,5576,4,6,0.620820816,0.045346457
LastFM,Gender,FairNMF,40,5576,4,6,0.618948905,0.046007512
LastFM,Gender,FairNMF,45,5576,4,6,0.573698743,0.066149481
LastFM,Gender,FairNMF,50,5576,4,6,0.614969562,0.046961657
LastFM,Gender,FairNMF,60,5576,4,6,0.564395694,0.055544041
LastFM,Gender,FairNMF,70,5576,4,6,0.604338598,0.046186319
LastFM,Gender,FairNMF,80,5576,4,6,0.603167316,0.054147111
LastFM,Gender,FairNMF,90,5576,4,6,0.593035503,0.08770146
LastFM,Gender,FairNMF,100,5576,4,6,0.590916419,0.060962137
LastFM,Gender,FairNMF,0,5576,5,6,0.686072209,0.019538445
LastFM,Gender,FairNMF,0.001,5576,5,6,0.625053943,0.021957052
LastFM,Gender,FairNMF,0.005,5576,5,6,0.660355734,0.02135807
LastFM,Gender,FairNMF,0.0075,5576,5,6,0.696139388,0.021168716
LastFM,Gender,FairNMF,0.01,5576,5,6,0.680960532,0.020342946
LastFM,Gender,FairNMF,0.025,5576,5,6,0.657043594,0.02283338
LastFM,Gender,FairNMF,0.05,5576,5,6,0.669014245,0.025851743
LastFM,Gender,FairNMF,0.075,5576,5,6,0.662244651,0.023172046
LastFM,Gender,FairNMF,0.1,5576,5,6,0.667972463,0.02490627
LastFM,Gender,FairNMF,0.2,5576,5,6,0.650099886,0.024179898
LastFM,Gender,FairNMF,0.4,5576,5,6,0.663631716,0.030513291
LastFM,Gender,FairNMF,0.5,5576,5,6,0.650126388,0.033947065
LastFM,Gender,FairNMF,0.6,5576,5,6,0.675124431,0.031906696
LastFM,Gender,FairNMF,0.8,5576,5,6,0.657656776,0.026612425
LastFM,Gender,FairNMF,1,5576,5,6,0.662103029,0.031310491
LastFM,Gender,FairNMF,1.2,5576,5,6,0.658289908,0.036989128
LastFM,Gender,FairNMF,1.4,5576,5,6,0.638269944,0.035088982
LastFM,Gender,FairNMF,1.5,5576,5,6,0.655743275,0.029644513
LastFM,Gender,FairNMF,1.6,5576,5,6,0.643624167,0.02556675
LastFM,Gender,FairNMF,1.8,5576,5,6,0.65433477,0.03587756
LastFM,Gender,FairNMF,2,5576,5,6,0.63766774,0.029425861
LastFM,Gender,FairNMF,2.5,5576,5,6,0.63018344,0.032177533
LastFM,Gender,FairNMF,3,5576,5,6,0.640709892,0.037191387
LastFM,Gender,FairNMF,3.5,5576,5,6,0.632282277,0.040439696
LastFM,Gender,FairNMF,4,5576,5,6,0.632086163,0.029733488
LastFM,Gender,FairNMF,4.5,5576,5,6,0.623910953,0.033993325
LastFM,Gender,FairNMF,5,5576,5,6,0.637590813,0.037183032
LastFM,Gender,FairNMF,6,5576,5,6,0.645306774,0.051607722
LastFM,Gender,FairNMF,7,5576,5,6,0.634745518,0.043050374
LastFM,Gender,FairNMF,8,5576,5,6,0.630037234,0.02908476
LastFM,Gender,FairNMF,9,5576,5,6,0.627984642,0.031204119
LastFM,Gender,FairNMF,10,5576,5,6,0.627454641,0.041905408
LastFM,Gender,FairNMF,15,5576,5,6,0.607548169,0.034128577
LastFM,Gender,FairNMF,20,5576,5,6,0.644209123,0.052776847
LastFM,Gender,FairNMF,25,5576,5,6,0.609451902,0.039503639
LastFM,Gender,FairNMF,30,5576,5,6,0.623779228,0.052865108
LastFM,Gender,FairNMF,35,5576,5,6,0.593843773,0.034847171
LastFM,Gender,FairNMF,40,5576,5,6,0.619649395,0.057824754
LastFM,Gender,FairNMF,45,5576,5,6,0.605958181,0.041794283
LastFM,Gender,FairNMF,50,5576,5,6,0.623480704,0.037201772
LastFM,Gender,FairNMF,60,5576,5,6,0.600521118,0.066548302
LastFM,Gender,FairNMF,70,5576,5,6,0.552093699,0.060507519
LastFM,Gender,FairNMF,80,5576,5,6,0.54817183,0.060587364
LastFM,Gender,FairNMF,90,5576,5,6,0.322913477,0.133438734
LastFM,Gender,FairNMF,100,5576,5,6,0.252785566,0.131808587
LastFM,Gender,FairNMF,0,5576,6,6,0.664969469,0.017022767
LastFM,Gender,FairNMF,0.001,5576,6,6,0.67549284,0.014596988
LastFM,Gender,FairNMF,0.005,5576,6,6,0.662212984,0.017368508
LastFM,Gender,FairNMF,0.0075,5576,6,6,0.689876842,0.014065697
LastFM,Gender,FairNMF,0.01,5576,6,6,0.66210929,0.016640123
LastFM,Gender,FairNMF,0.025,5576,6,6,0.669646,0.0196478
LastFM,Gender,FairNMF,0.05,5576,6,6,0.675245514,0.025183463
LastFM,Gender,FairNMF,0.075,5576,6,6,0.669033782,0.022634604
LastFM,Gender,FairNMF,0.1,5576,6,6,0.661526302,0.023004653
LastFM,Gender,FairNMF,0.2,5576,6,6,0.665646406,0.017597973
LastFM,Gender,FairNMF,0.4,5576,6,6,0.656682839,0.024781363
LastFM,Gender,FairNMF,0.5,5576,6,6,0.651594185,0.020224936
LastFM,Gender,FairNMF,0.6,5576,6,6,0.668140662,0.026962528
LastFM,Gender,FairNMF,0.8,5576,6,6,0.646447599,0.030422599
LastFM,Gender,FairNMF,1,5576,6,6,0.646708611,0.019720397
LastFM,Gender,FairNMF,1.2,5576,6,6,0.665583101,0.025417909
LastFM,Gender,FairNMF,1.4,5576,6,6,0.647419469,0.02943702
LastFM,Gender,FairNMF,1.5,5576,6,6,0.649183957,0.026970481
LastFM,Gender,FairNMF,1.6,5576,6,6,0.632880594,0.027929591
LastFM,Gender,FairNMF,1.8,5576,6,6,0.650390975,0.02795179
LastFM,Gender,FairNMF,2,5576,6,6,0.632677762,0.031990565
LastFM,Gender,FairNMF,2.5,5576,6,6,0.642398476,0.02921762
LastFM,Gender,FairNMF,3,5576,6,6,0.67023791,0.031080344
LastFM,Gender,FairNMF,3.5,5576,6,6,0.636748633,0.029452002
LastFM,Gender,FairNMF,4,5576,6,6,0.628541302,0.027519659
LastFM,Gender,FairNMF,4.5,5576,6,6,0.632684434,0.038471199
LastFM,Gender,FairNMF,5,5576,6,6,0.621561908,0.033613955
LastFM,Gender,FairNMF,6,5576,6,6,0.616755318,0.039073978
LastFM,Gender,FairNMF,7,5576,6,6,0.65754733,0.040081112
LastFM,Gender,FairNMF,8,5576,6,6,0.637926979,0.040555558
LastFM,Gender,FairNMF,9,5576,6,6,0.631815452,0.039818268
LastFM,Gender,FairNMF,10,5576,6,6,0.614792602,0.030362179
LastFM,Gender,FairNMF,15,5576,6,6,0.631912955,0.050996025
LastFM,Gender,FairNMF,20,5576,6,6,0.623694823,0.046338815
LastFM,Gender,FairNMF,25,5576,6,6,0.637248611,0.036489152
LastFM,Gender,FairNMF,30,5576,6,6,0.640499059,0.048264916
LastFM,Gender,FairNMF,35,5576,6,6,0.604946944,0.041013709
LastFM,Gender,FairNMF,40,5576,6,6,0.629722657,0.041570798
LastFM,Gender,FairNMF,45,5576,6,6,0.623962725,0.052559334
LastFM,Gender,FairNMF,50,5576,6,6,0.650953576,0.052432166
LastFM,Gender,FairNMF,60,5576,6,6,0.554385163,0.053359347
LastFM,Gender,FairNMF,70,5576,6,6,0.545231806,0.045827278
LastFM,Gender,FairNMF,80,5576,6,6,0.386574098,0.050439231
LastFM,Gender,FairNMF,90,5576,6,6,0.124804576,0.237352948
LastFM,Gender,FairNMF,100,5576,6,6,0.115652503,0.230918475
LastFM,Gender,FairNMF,0,5576,7,6,0.646616884,0.016676902
LastFM,Gender,FairNMF,0.001,5576,7,6,0.663734972,0.014035358
LastFM,Gender,FairNMF,0.005,5576,7,6,0.646619937,0.017075821
LastFM,Gender,FairNMF,0.0075,5576,7,6,0.672925147,0.015659584
LastFM,Gender,FairNMF,0.01,5576,7,6,0.667576879,0.013982815
LastFM,Gender,FairNMF,0.025,5576,7,6,0.671091549,0.017359755
LastFM,Gender,FairNMF,0.05,5576,7,6,0.654656403,0.017705301
LastFM,Gender,FairNMF,0.075,5576,7,6,0.674308352,0.017672988
LastFM,Gender,FairNMF,0.1,5576,7,6,0.658524523,0.017919713
LastFM,Gender,FairNMF,0.2,5576,7,6,0.654834284,0.026699186
LastFM,Gender,FairNMF,0.4,5576,7,6,0.663413864,0.023552991
LastFM,Gender,FairNMF,0.5,5576,7,6,0.63894846,0.022787336
LastFM,Gender,FairNMF,0.6,5576,7,6,0.648697088,0.026105418
LastFM,Gender,FairNMF,0.8,5576,7,6,0.650671223,0.028524737
LastFM,Gender,FairNMF,1,5576,7,6,0.64101041,0.028848284
LastFM,Gender,FairNMF,1.2,5576,7,6,0.649523857,0.027436548
LastFM,Gender,FairNMF,1.4,5576,7,6,0.643442727,0.018503589
LastFM,Gender,FairNMF,1.5,5576,7,6,0.652759096,0.032794531
LastFM,Gender,FairNMF,1.6,5576,7,6,0.649028148,0.024880864
LastFM,Gender,FairNMF,1.8,5576,7,6,0.644209911,0.023199803
LastFM,Gender,FairNMF,2,5576,7,6,0.630642111,0.030364258
LastFM,Gender,FairNMF,2.5,5576,7,6,0.636934693,0.032985426
LastFM,Gender,FairNMF,3,5576,7,6,0.631459116,0.028397599
LastFM,Gender,FairNMF,3.5,5576,7,6,0.637124981,0.038236737
LastFM,Gender,FairNMF,4,5576,7,6,0.642028876,0.040481512
LastFM,Gender,FairNMF,4.5,5576,7,6,0.630810306,0.034036408
LastFM,Gender,FairNMF,5,5576,7,6,0.629347948,0.026148123
LastFM,Gender,FairNMF,6,5576,7,6,0.610622101,0.035793021
LastFM,Gender,FairNMF,7,5576,7,6,0.609052725,0.028044271
LastFM,Gender,FairNMF,8,5576,7,6,0.639494109,0.039662605
LastFM,Gender,FairNMF,9,5576,7,6,0.629395807,0.043530213
LastFM,Gender,FairNMF,10,5576,7,6,0.626203581,0.029966315
LastFM,Gender,FairNMF,15,5576,7,6,0.631247655,0.030518282
LastFM,Gender,FairNMF,20,5576,7,6,0.626116242,0.04571817
LastFM,Gender,FairNMF,25,5576,7,6,0.625835184,0.044767867
LastFM,Gender,FairNMF,30,5576,7,6,0.635736862,0.042829265
LastFM,Gender,FairNMF,35,5576,7,6,0.622830314,0.053680741
LastFM,Gender,FairNMF,40,5576,7,6,0.607068985,0.04404145
LastFM,Gender,FairNMF,45,5576,7,6,0.586480262,0.036848997
LastFM,Gender,FairNMF,50,5576,7,6,0.562582176,0.046959972
LastFM,Gender,FairNMF,60,5576,7,6,0.522210318,0.049504008
LastFM,Gender,FairNMF,70,5576,7,6,0.073818762,0.245757017
LastFM,Gender,FairNMF,80,5576,7,6,0.065217173,0.254073623
LastFM,Gender,FairNMF,90,5576,7,6,0.263052474,0.081269126
LastFM,Gender,FairNMF,100,5576,7,6,0.083830127,0.254989608
LastFM,Gender,FairNMF,0,5576,8,6,0.657578866,0.016748356
LastFM,Gender,FairNMF,0.001,5576,8,6,0.655100933,0.013894841
LastFM,Gender,FairNMF,0.005,5576,8,6,0.656932847,0.015514222
LastFM,Gender,FairNMF,0.0075,5576,8,6,0.654358656,0.014736144
LastFM,Gender,FairNMF,0.01,5576,8,6,0.658187016,0.015303065
LastFM,Gender,FairNMF,0.025,5576,8,6,0.659122269,0.015484682
LastFM,Gender,FairNMF,0.05,5576,8,6,0.654460157,0.017761715
LastFM,Gender,FairNMF,0.075,5576,8,6,0.649899424,0.018353478
LastFM,Gender,FairNMF,0.1,5576,8,6,0.675660497,0.017487115
LastFM,Gender,FairNMF,0.2,5576,8,6,0.644539219,0.01904549
LastFM,Gender,FairNMF,0.4,5576,8,6,0.648145811,0.020650759
LastFM,Gender,FairNMF,0.5,5576,8,6,0.658090239,0.018976409
LastFM,Gender,FairNMF,0.6,5576,8,6,0.641503139,0.021832949
LastFM,Gender,FairNMF,0.8,5576,8,6,0.64333947,0.017999562
LastFM,Gender,FairNMF,1,5576,8,6,0.650976619,0.021499622
LastFM,Gender,FairNMF,1.2,5576,8,6,0.633713076,0.023270333
LastFM,Gender,FairNMF,1.4,5576,8,6,0.649095398,0.02122991
LastFM,Gender,FairNMF,1.5,5576,8,6,0.628685474,0.023390568
LastFM,Gender,FairNMF,1.6,5576,8,6,0.652421526,0.024877069
LastFM,Gender,FairNMF,1.8,5576,8,6,0.6390013,0.031872634
LastFM,Gender,FairNMF,2,5576,8,6,0.629076617,0.022005964
LastFM,Gender,FairNMF,2.5,5576,8,6,0.635905887,0.028999183
LastFM,Gender,FairNMF,3,5576,8,6,0.65065701,0.022519326
LastFM,Gender,FairNMF,3.5,5576,8,6,0.62505001,0.029535364
LastFM,Gender,FairNMF,4,5576,8,6,0.636396091,0.027746427
LastFM,Gender,FairNMF,4.5,5576,8,6,0.655090803,0.028256037
LastFM,Gender,FairNMF,5,5576,8,6,0.615890996,0.037599164
LastFM,Gender,FairNMF,6,5576,8,6,0.617446113,0.035148441
LastFM,Gender,FairNMF,7,5576,8,6,0.626665096,0.030541656
LastFM,Gender,FairNMF,8,5576,8,6,0.63689189,0.027415744
LastFM,Gender,FairNMF,9,5576,8,6,0.628707264,0.035234494
LastFM,Gender,FairNMF,10,5576,8,6,0.626616671,0.030248773
LastFM,Gender,FairNMF,15,5576,8,6,0.628401461,0.037734502
LastFM,Gender,FairNMF,20,5576,8,6,0.61484099,0.042504891
LastFM,Gender,FairNMF,25,5576,8,6,0.624398161,0.035814975
LastFM,Gender,FairNMF,30,5576,8,6,0.620512072,0.041621015
LastFM,Gender,FairNMF,35,5576,8,6,0.604453401,0.03930085
LastFM,Gender,FairNMF,40,5576,8,6,0.527929555,0.032839133
LastFM,Gender,FairNMF,45,5576,8,6,0.402601776,0.033062941
LastFM,Gender,FairNMF,50,5576,8,6,0.435318374,0.031924155
LastFM,Gender,FairNMF,60,5576,8,6,0,0.330281229
LastFM,Gender,FairNMF,70,5576,8,6,0.068554232,0.246231908
LastFM,Gender,FairNMF,80,5576,8,6,0,0.330281229
LastFM,Gender,FairNMF,90,5576,8,6,0.118449444,0.230539623
LastFM,Gender,FairNMF,100,5576,8,6,0.040969065,0.252176038
LastFM,Gender,FairNMF,0,5576,9,6,0.649508038,0.013983899
LastFM,Gender,FairNMF,0.001,5576,9,6,0.649582209,0.01323798
LastFM,Gender,FairNMF,0.005,5576,9,6,0.660977899,0.016480805
LastFM,Gender,FairNMF,0.0075,5576,9,6,0.65671144,0.015383689
LastFM,Gender,FairNMF,0.01,5576,9,6,0.662728844,0.013962561
LastFM,Gender,FairNMF,0.025,5576,9,6,0.662804058,0.013610929
LastFM,Gender,FairNMF,0.05,5576,9,6,0.665682303,0.012080051
LastFM,Gender,FairNMF,0.075,5576,9,6,0.660205275,0.014454355
LastFM,Gender,FairNMF,0.1,5576,9,6,0.65045736,0.014033558
LastFM,Gender,FairNMF,0.2,5576,9,6,0.642689555,0.017834545
LastFM,Gender,FairNMF,0.4,5576,9,6,0.648443185,0.019585514
LastFM,Gender,FairNMF,0.5,5576,9,6,0.630547523,0.018120281
LastFM,Gender,FairNMF,0.6,5576,9,6,0.629315588,0.020166324
LastFM,Gender,FairNMF,0.8,5576,9,6,0.636775798,0.019639961
LastFM,Gender,FairNMF,1,5576,9,6,0.637318679,0.022915863
LastFM,Gender,FairNMF,1.2,5576,9,6,0.639682721,0.024666672
LastFM,Gender,FairNMF,1.4,5576,9,6,0.630564229,0.019818703
LastFM,Gender,FairNMF,1.5,5576,9,6,0.625453913,0.02274893
LastFM,Gender,FairNMF,1.6,5576,9,6,0.629087694,0.020264617
LastFM,Gender,FairNMF,1.8,5576,9,6,0.630879514,0.029084589
LastFM,Gender,FairNMF,2,5576,9,6,0.638121547,0.020801711
LastFM,Gender,FairNMF,2.5,5576,9,6,0.634851231,0.021537008
LastFM,Gender,FairNMF,3,5576,9,6,0.62449946,0.025156669
LastFM,Gender,FairNMF,3.5,5576,9,6,0.634386869,0.020323312
LastFM,Gender,FairNMF,4,5576,9,6,0.635768899,0.024043408
LastFM,Gender,FairNMF,4.5,5576,9,6,0.635162957,0.029432607
LastFM,Gender,FairNMF,5,5576,9,6,0.633644285,0.028547877
LastFM,Gender,FairNMF,6,5576,9,6,0.624742141,0.033045087
LastFM,Gender,FairNMF,7,5576,9,6,0.627193998,0.02993668
LastFM,Gender,FairNMF,8,5576,9,6,0.630161823,0.032136423
LastFM,Gender,FairNMF,9,5576,9,6,0.624124896,0.032556069
LastFM,Gender,FairNMF,10,5576,9,6,0.613429894,0.034859072
LastFM,Gender,FairNMF,15,5576,9,6,0.611135273,0.035653218
LastFM,Gender,FairNMF,20,5576,9,6,0.61417668,0.03678808
LastFM,Gender,FairNMF,25,5576,9,6,0.597961848,0.028000771
LastFM,Gender,FairNMF,30,5576,9,6,0.611648414,0.036420224
LastFM,Gender,FairNMF,35,5576,9,6,0.171425168,0.227428612
LastFM,Gender,FairNMF,40,5576,9,6,0.317664355,0.124657612
LastFM,Gender,FairNMF,45,5576,9,6,0.149267934,0.224787179
LastFM,Gender,FairNMF,50,5576,9,6,0,0.330281229
LastFM,Gender,FairNMF,60,5576,9,6,0,0.330281229
LastFM,Gender,FairNMF,70,5576,9,6,0,0.330281229
LastFM,Gender,FairNMF,80,5576,9,6,0,0.330281229
LastFM,Gender,FairNMF,90,5576,9,6,0,0.330281229
LastFM,Gender,FairNMF,100,5576,9,6,0,0.330281229
LastFM,Gender,FairNMF,0,5576,10,6,0.666910872,0.009918576
LastFM,Gender,FairNMF,0.001,5576,10,6,0.647611022,0.015006994
LastFM,Gender,FairNMF,0.005,5576,10,6,0.657711391,0.01072234
LastFM,Gender,FairNMF,0.0075,5576,10,6,0.670324848,0.010650074
LastFM,Gender,FairNMF,0.01,5576,10,6,0.633311128,0.016011623
LastFM,Gender,FairNMF,0.025,5576,10,6,0.646975211,0.013687463
LastFM,Gender,FairNMF,0.05,5576,10,6,0.663734047,0.008879606
LastFM,Gender,FairNMF,0.075,5576,10,6,0.658541349,0.016640706
LastFM,Gender,FairNMF,0.1,5576,10,6,0.657915725,0.011885666
LastFM,Gender,FairNMF,0.2,5576,10,6,0.654050733,0.014332138
LastFM,Gender,FairNMF,0.4,5576,10,6,0.641980042,0.017646218
LastFM,Gender,FairNMF,0.5,5576,10,6,0.636413755,0.016347467
LastFM,Gender,FairNMF,0.6,5576,10,6,0.629257815,0.015993949
LastFM,Gender,FairNMF,0.8,5576,10,6,0.623148307,0.017483292
LastFM,Gender,FairNMF,1,5576,10,6,0.627092741,0.018706869
LastFM,Gender,FairNMF,1.2,5576,10,6,0.632626715,0.018183957
LastFM,Gender,FairNMF,1.4,5576,10,6,0.629656862,0.017604331
LastFM,Gender,FairNMF,1.5,5576,10,6,0.645200311,0.018808765
LastFM,Gender,FairNMF,1.6,5576,10,6,0.627019445,0.019407001
LastFM,Gender,FairNMF,1.8,5576,10,6,0.629143485,0.017139677
LastFM,Gender,FairNMF,2,5576,10,6,0.627952296,0.02170231
LastFM,Gender,FairNMF,2.5,5576,10,6,0.642440472,0.020955002
LastFM,Gender,FairNMF,3,5576,10,6,0.633399917,0.019807828
LastFM,Gender,FairNMF,3.5,5576,10,6,0.641255232,0.023258692
LastFM,Gender,FairNMF,4,5576,10,6,0.632580241,0.026918633
LastFM,Gender,FairNMF,4.5,5576,10,6,0.623128205,0.022878955
LastFM,Gender,FairNMF,5,5576,10,6,0.63403485,0.031704072
LastFM,Gender,FairNMF,6,5576,10,6,0.626544806,0.026343229
LastFM,Gender,FairNMF,7,5576,10,6,0.603475214,0.024881125
LastFM,Gender,FairNMF,8,5576,10,6,0.62041848,0.034082477
LastFM,Gender,FairNMF,9,5576,10,6,0.616055089,0.025338334
LastFM,Gender,FairNMF,10,5576,10,6,0.592407623,0.040596114
LastFM,Gender,FairNMF,15,5576,10,6,0.611758173,0.032113688
LastFM,Gender,FairNMF,20,5576,10,6,0.610268809,0.034969063
LastFM,Gender,FairNMF,25,5576,10,6,0.380622114,0.137979557
LastFM,Gender,FairNMF,30,5576,10,6,0.3667726,0.129234987
LastFM,Gender,FairNMF,35,5576,10,6,0,0.330281229
LastFM,Gender,FairNMF,40,5576,10,6,0,0.330281229
LastFM,Gender,FairNMF,45,5576,10,6,0,0.330281229
LastFM,Gender,FairNMF,50,5576,10,6,0.09225691,0.234739289
LastFM,Gender,FairNMF,60,5576,10,6,0,0.330281229
LastFM,Gender,FairNMF,70,5576,10,6,0,0.330281229
LastFM,Gender,FairNMF,80,5576,10,6,0,0.330281229
LastFM,Gender,FairNMF,90,5576,10,6,0,0.330281229
LastFM,Gender,FairNMF,100,5576,10,6,0,0.330281229
,,,,,,,,
,,,,,,,,
,,,,,,,,
,,,,,,,,
,,,,,,,,
,,,,,,,,
,,,,,,,,
,,,,,,,,
,,,,,,,,
,,,,,,,,
,,,,,,,,
,,,,,,,,
,,,,,,,,
LastFM,Gender,FairNMF,55,5576,2,6,0.288368127,0.143237303
LastFM,Gender,FairNMF,65,5576,2,6,0.293804809,0.154275095
LastFM,Gender,FairNMF,75,5576,2,6,0.279018802,0.178902076
LastFM,Gender,FairNMF,85,5576,2,6,0.270060071,0.140746249
LastFM,Gender,FairNMF,95,5576,2,6,0.259939612,0.155533748
LastFM,Gender,FairNMF,105,5576,2,6,0.21682029,0.137010676
LastFM,Gender,FairNMF,110,5576,2,6,0.21827548,0.146718147
LastFM,Gender,FairNMF,115,5576,2,6,0.208045289,0.118677043
LastFM,Gender,FairNMF,120,5576,2,6,0.206535087,0.11778291
LastFM,Gender,FairNMF,125,5576,2,6,0.207399692,0.180701754
LastFM,Gender,FairNMF,130,5576,2,6,0.194092948,0.147548566
LastFM,Gender,FairNMF,135,5576,2,6,0.171952159,0.122626582
LastFM,Gender,FairNMF,140,5576,2,6,0.173814068,0.098879367
LastFM,Gender,FairNMF,145,5576,2,6,0.174721371,0.106568365
LastFM,Gender,FairNMF,150,5576,2,6,0.150949105,0.119607843
LastFM,Gender,FairNMF,200,5576,2,6,0.160557217,0.137438424
LastFM,Gender,FairNMF,250,5576,2,6,0.114233335,0.167774086
LastFM,Gender,FairNMF,300,5576,2,6,0.115230711,0.169102592
LastFM,Gender,FairNMF,350,5576,2,6,0.120353033,0.199072732
LastFM,Gender,FairNMF,400,5576,2,6,0.0865458,0.348488036
LastFM,Gender,FairNMF,450,5576,2,6,0.17254557,0.110717332
LastFM,Gender,FairNMF,500,5576,2,6,0.09137851,0.328659779
LastFM,Gender,FairNMF,600,5576,2,6,0.08857069,0.294494936
LastFM,Gender,FairNMF,700,5576,2,6,0.088280078,0.278068386
LastFM,Gender,FairNMF,800,5576,2,6,0.092529497,0.296566117
LastFM,Gender,FairNMF,900,5576,2,6,0.086394805,0.315841598
LastFM,Gender,FairNMF,1000,5576,2,6,0.070653385,0.323761165
LastFM,Gender,FairNMF,1500,5576,2,6,0.014329757,0.333025211
LastFM,Gender,FairNMF,2000,5576,2,6,0.011316077,0.331477418
LastFM,Gender,FairNMF,2500,5576,2,6,0.007816467,0.330011734
LastFM,Gender,FairNMF,3000,5576,2,6,0.00788785,0.33029677
LastFM,Gender,FairNMF,3500,5576,2,6,0.000653683,0.330852272
LastFM,Gender,FairNMF,4000,5576,2,6,0.006324978,0.329721504
LastFM,Gender,FairNMF,4500,5576,2,6,0.00497313,0.33138782
LastFM,Gender,FairNMF,5000,5576,2,6,0.000413126,0.329931972
LastFM,Gender,FairNMF,55,5576,3,6,0.453673972,0.135714322
LastFM,Gender,FairNMF,65,5576,3,6,0.445828391,0.132230365
LastFM,Gender,FairNMF,75,5576,3,6,0.450171591,0.130538734
LastFM,Gender,FairNMF,85,5576,3,6,0.430298087,0.133231983
LastFM,Gender,FairNMF,95,5576,3,6,0.423579357,0.142292721
LastFM,Gender,FairNMF,105,5576,3,6,0.406473591,0.108007183
LastFM,Gender,FairNMF,110,5576,3,6,0.393169946,0.088301219
LastFM,Gender,FairNMF,115,5576,3,6,0.39048536,0.077085152
LastFM,Gender,FairNMF,120,5576,3,6,0.401828735,0.185187517
LastFM,Gender,FairNMF,125,5576,3,6,0.402683924,0.183206107
LastFM,Gender,FairNMF,130,5576,3,6,0.363398499,0.046380576
LastFM,Gender,FairNMF,135,5576,3,6,0.342718616,0.065203473
LastFM,Gender,FairNMF,140,5576,3,6,0.336704126,0.050564613
LastFM,Gender,FairNMF,145,5576,3,6,0.28470437,0.054733932
LastFM,Gender,FairNMF,150,5576,3,6,0.381559189,0.087635619
LastFM,Gender,FairNMF,200,5576,3,6,0.28123664,0.04787308
LastFM,Gender,FairNMF,250,5576,3,6,0.234647058,0.105897598
LastFM,Gender,FairNMF,300,5576,3,6,0.198489422,0.174284649
LastFM,Gender,FairNMF,350,5576,3,6,0.155627762,0.163609414
LastFM,Gender,FairNMF,400,5576,3,6,0.151733828,0.217944234
LastFM,Gender,FairNMF,450,5576,3,6,0.173440028,0.202819968
LastFM,Gender,FairNMF,500,5576,3,6,0.088078278,0.321243103
LastFM,Gender,FairNMF,600,5576,3,6,0.089304428,0.329168711
LastFM,Gender,FairNMF,700,5576,3,6,0.092085568,0.341768321
LastFM,Gender,FairNMF,800,5576,3,6,0.096155013,0.325079964
LastFM,Gender,FairNMF,900,5576,3,6,0.082300918,0.329882951
LastFM,Gender,FairNMF,1000,5576,3,6,0.08168716,0.323572403
LastFM,Gender,FairNMF,1500,5576,3,6,0.039619303,0.329540446
LastFM,Gender,FairNMF,2000,5576,3,6,0.020938022,0.330640339
LastFM,Gender,FairNMF,2500,5576,3,6,0.008124454,0.331689206
LastFM,Gender,FairNMF,3000,5576,3,6,0.006058337,0.3274744
LastFM,Gender,FairNMF,3500,5576,3,6,0.005326179,0.330737818
LastFM,Gender,FairNMF,4000,5576,3,6,-0.000725989,0.330038701
LastFM,Gender,FairNMF,4500,5576,3,6,0.000721492,0.329867391
LastFM,Gender,FairNMF,5000,5576,3,6,-0.001721875,0.328220206
LastFM,Gender,FairNMF,55,5576,4,6,0.552209559,0.080010363
LastFM,Gender,FairNMF,65,5576,4,6,0.553876229,0.086116968
LastFM,Gender,FairNMF,75,5576,4,6,0.53049917,0.068349566
LastFM,Gender,FairNMF,85,5576,4,6,0.537535753,0.087241279
LastFM,Gender,FairNMF,95,5576,4,6,0.371027787,0.097363587
LastFM,Gender,FairNMF,105,5576,4,6,0.189530952,0.121747569
LastFM,Gender,FairNMF,110,5576,4,6,0.437098957,0.096100909
LastFM,Gender,FairNMF,115,5576,4,6,0.24466775,0.136261715
LastFM,Gender,FairNMF,120,5576,4,6,0.497127889,0.095529079
LastFM,Gender,FairNMF,125,5576,4,6,0.422231794,0.072226884
LastFM,Gender,FairNMF,130,5576,4,6,0.291681956,0.069169516
LastFM,Gender,FairNMF,135,5576,4,6,0.391644274,0.034615385
LastFM,Gender,FairNMF,140,5576,4,6,0.344651681,0.06176543
LastFM,Gender,FairNMF,145,5576,4,6,0.24250027,0.180121971
LastFM,Gender,FairNMF,150,5576,4,6,0.245705059,0.191203204
LastFM,Gender,FairNMF,200,5576,4,6,0.228205535,0.158593185
LastFM,Gender,FairNMF,250,5576,4,6,0.173730141,0.239015007
LastFM,Gender,FairNMF,300,5576,4,6,0.167033941,0.251359719
LastFM,Gender,FairNMF,350,5576,4,6,0.173836582,0.248854538
LastFM,Gender,FairNMF,400,5576,4,6,0.162728935,0.230950912
LastFM,Gender,FairNMF,450,5576,4,6,0.184432966,0.257929011
LastFM,Gender,FairNMF,500,5576,4,6,0.137266627,0.225747753
LastFM,Gender,FairNMF,600,5576,4,6,0.127526125,0.274118856
LastFM,Gender,FairNMF,700,5576,4,6,0.09638258,0.308214952
LastFM,Gender,FairNMF,800,5576,4,6,0.098571053,0.295775511
LastFM,Gender,FairNMF,900,5576,4,6,0.081992594,0.326791028
LastFM,Gender,FairNMF,1000,5576,4,6,0.076329915,0.32639527
LastFM,Gender,FairNMF,1500,5576,4,6,0.06500211,0.331921505
LastFM,Gender,FairNMF,2000,5576,4,6,0.018450506,0.329500134
LastFM,Gender,FairNMF,2500,5576,4,6,0.012254025,0.330183629
LastFM,Gender,FairNMF,3000,5576,4,6,0.008827258,0.32734575
LastFM,Gender,FairNMF,3500,5576,4,6,0.011803033,0.329275935
LastFM,Gender,FairNMF,4000,5576,4,6,-0.000560269,0.329681736
LastFM,Gender,FairNMF,4500,5576,4,6,-0.003123143,0.333225579
LastFM,Gender,FairNMF,5000,5576,4,6,0.008592172,0.321901617
LastFM,Gender,FairNMF,55,5576,5,6,0.568865008,0.061509045
LastFM,Gender,FairNMF,65,5576,5,6,0.560018962,0.024830688
LastFM,Gender,FairNMF,75,5576,5,6,0.281093012,0.074756659
LastFM,Gender,FairNMF,85,5576,5,6,0.25796191,0.070644007
LastFM,Gender,FairNMF,95,5576,5,6,0.277929994,0.129297798
LastFM,Gender,FairNMF,105,5576,5,6,0.25887319,0.078189387
LastFM,Gender,FairNMF,110,5576,5,6,0.260940497,0.156675847
LastFM,Gender,FairNMF,115,5576,5,6,0.255203235,0.155036084
LastFM,Gender,FairNMF,120,5576,5,6,0.210958307,0.136413192
LastFM,Gender,FairNMF,125,5576,5,6,0.26402403,0.101041328
LastFM,Gender,FairNMF,130,5576,5,6,0.138766673,0.139681004
LastFM,Gender,FairNMF,135,5576,5,6,0.158100396,0.143338839
LastFM,Gender,FairNMF,140,5576,5,6,0.171796097,0.145306732
LastFM,Gender,FairNMF,145,5576,5,6,0.183777041,0.155318627
LastFM,Gender,FairNMF,150,5576,5,6,0.186091347,0.157716293
LastFM,Gender,FairNMF,200,5576,5,6,0.191815992,0.198744156
LastFM,Gender,FairNMF,250,5576,5,6,0.17293561,0.216473363
LastFM,Gender,FairNMF,300,5576,5,6,0.170925588,0.230059818
LastFM,Gender,FairNMF,350,5576,5,6,0.153593725,0.254876118
LastFM,Gender,FairNMF,400,5576,5,6,0.161442002,0.24597252
LastFM,Gender,FairNMF,450,5576,5,6,0.117680259,0.243535569
LastFM,Gender,FairNMF,500,5576,5,6,0.128019497,0.269703399
LastFM,Gender,FairNMF,600,5576,5,6,0.096619786,0.296603094
LastFM,Gender,FairNMF,700,5576,5,6,0.087824425,0.282919978
LastFM,Gender,FairNMF,800,5576,5,6,0.076744497,0.285750163
LastFM,Gender,FairNMF,900,5576,5,6,0.088097458,0.29165774
LastFM,Gender,FairNMF,1000,5576,5,6,0.078606469,0.320577491
LastFM,Gender,FairNMF,1500,5576,5,6,0.016252079,0.325855682
LastFM,Gender,FairNMF,2000,5576,5,6,0.014060044,0.327058202
LastFM,Gender,FairNMF,2500,5576,5,6,0.007649749,0.325976135
LastFM,Gender,FairNMF,3000,5576,5,6,0.005546708,0.325857847
LastFM,Gender,FairNMF,3500,5576,5,6,0.004982779,0.326181883
LastFM,Gender,FairNMF,4000,5576,5,6,-0.000550871,0.329478243
LastFM,Gender,FairNMF,4500,5576,5,6,0.00368547,0.326834581
LastFM,Gender,FairNMF,5000,5576,5,6,3.91E-05,0.329472066
LastFM,Gender,FairNMF,55,5576,6,6,0.446634248,0.043961539
LastFM,Gender,FairNMF,65,5576,6,6,0.305050466,0.101254983
LastFM,Gender,FairNMF,75,5576,6,6,0.266142145,0.096656005
LastFM,Gender,FairNMF,85,5576,6,6,0.214879965,0.112972231
LastFM,Gender,FairNMF,95,5576,6,6,0.212604026,0.17700024
LastFM,Gender,FairNMF,105,5576,6,6,0.185609332,0.104161502
LastFM,Gender,FairNMF,110,5576,6,6,0.172680763,0.175152939
LastFM,Gender,FairNMF,115,5576,6,6,0.165239993,0.118043894
LastFM,Gender,FairNMF,120,5576,6,6,0.168402814,0.111610396
LastFM,Gender,FairNMF,125,5576,6,6,0.199268915,0.174501517
LastFM,Gender,FairNMF,130,5576,6,6,0.187042057,0.164291024
LastFM,Gender,FairNMF,135,5576,6,6,0.1893019,0.162022585
LastFM,Gender,FairNMF,140,5576,6,6,0.079495786,0.171026458
LastFM,Gender,FairNMF,145,5576,6,6,0.194985355,0.114690132
LastFM,Gender,FairNMF,150,5576,6,6,0.22847945,0.174407126
LastFM,Gender,FairNMF,200,5576,6,6,0.169500787,0.180203622
LastFM,Gender,FairNMF,250,5576,6,6,0.176049769,0.198640782
LastFM,Gender,FairNMF,300,5576,6,6,0.144387247,0.229658637
LastFM,Gender,FairNMF,350,5576,6,6,0.148901751,0.24558941
LastFM,Gender,FairNMF,400,5576,6,6,0.150684291,0.243509879
LastFM,Gender,FairNMF,450,5576,6,6,0.115196991,0.264581903
LastFM,Gender,FairNMF,500,5576,6,6,0.107206708,0.275232539
LastFM,Gender,FairNMF,600,5576,6,6,0.080336632,0.282732817
LastFM,Gender,FairNMF,700,5576,6,6,0.100522422,0.263218784
LastFM,Gender,FairNMF,800,5576,6,6,0.086278178,0.292573962
LastFM,Gender,FairNMF,900,5576,6,6,0.085944777,0.292792442
LastFM,Gender,FairNMF,1000,5576,6,6,0.075059844,0.297433482
LastFM,Gender,FairNMF,1500,5576,6,6,0.041967748,0.331675338
LastFM,Gender,FairNMF,2000,5576,6,6,0.017325634,0.334826759
LastFM,Gender,FairNMF,2500,5576,6,6,0.011297379,0.329627361
LastFM,Gender,FairNMF,3000,5576,6,6,0.00735463,0.328114684
LastFM,Gender,FairNMF,3500,5576,6,6,0.004350924,0.31418702
LastFM,Gender,FairNMF,4000,5576,6,6,0.009691026,0.327963931
LastFM,Gender,FairNMF,4500,5576,6,6,0.000274435,0.322678771
LastFM,Gender,FairNMF,5000,5576,6,6,0.00607648,0.319175461
LastFM,Gender,FairNMF,55,5576,7,6,0.2456838,0.094226537
LastFM,Gender,FairNMF,65,5576,7,6,0.28876591,0.114117041
LastFM,Gender,FairNMF,75,5576,7,6,0.248511017,0.142072717
LastFM,Gender,FairNMF,85,5576,7,6,0.20733137,0.136829207
LastFM,Gender,FairNMF,95,5576,7,6,0.199508884,0.135402984
LastFM,Gender,FairNMF,105,5576,7,6,0.189954088,0.147299991
LastFM,Gender,FairNMF,110,5576,7,6,0.150457486,0.141539561
LastFM,Gender,FairNMF,115,5576,7,6,0.178765263,0.135928259
LastFM,Gender,FairNMF,120,5576,7,6,0.137965549,0.138754436
LastFM,Gender,FairNMF,125,5576,7,6,0.160167256,0.139344941
LastFM,Gender,FairNMF,130,5576,7,6,0.195096593,0.189812251
LastFM,Gender,FairNMF,135,5576,7,6,0.178494342,0.192103148
LastFM,Gender,FairNMF,140,5576,7,6,0.126413167,0.187403958
LastFM,Gender,FairNMF,145,5576,7,6,0.133538499,0.190417625
LastFM,Gender,FairNMF,150,5576,7,6,0.139703416,0.14476019
LastFM,Gender,FairNMF,200,5576,7,6,0.184861414,0.218493059
LastFM,Gender,FairNMF,250,5576,7,6,0.185524278,0.208915538
LastFM,Gender,FairNMF,300,5576,7,6,0.139056018,0.251400303
LastFM,Gender,FairNMF,350,5576,7,6,0.157967546,0.255663451
LastFM,Gender,FairNMF,400,5576,7,6,0.132114724,0.256810054
LastFM,Gender,FairNMF,450,5576,7,6,0.153623441,0.249324711
LastFM,Gender,FairNMF,500,5576,7,6,0.103764774,0.279780599
LastFM,Gender,FairNMF,600,5576,7,6,0.102714137,0.28447984
LastFM,Gender,FairNMF,700,5576,7,6,0.079493913,0.288262886
LastFM,Gender,FairNMF,800,5576,7,6,0.074541722,0.288922028
LastFM,Gender,FairNMF,900,5576,7,6,0.075898204,0.279646911
LastFM,Gender,FairNMF,1000,5576,7,6,0.07809967,0.288507527
LastFM,Gender,FairNMF,1500,5576,7,6,0.028228038,0.326596327
LastFM,Gender,FairNMF,2000,5576,7,6,0.027253918,0.313535868
LastFM,Gender,FairNMF,2500,5576,7,6,0.008467148,0.3239227
LastFM,Gender,FairNMF,3000,5576,7,6,0.003289865,0.317792282
LastFM,Gender,FairNMF,3500,5576,7,6,0.00483919,0.325808869
LastFM,Gender,FairNMF,4000,5576,7,6,0.005452086,0.320939275
LastFM,Gender,FairNMF,4500,5576,7,6,-0.001463866,0.320636086
LastFM,Gender,FairNMF,5000,5576,7,6,0.000207723,0.334658325
LastFM,Gender,FairNMF,55,5576,8,6,0.303227091,0.146008201
LastFM,Gender,FairNMF,65,5576,8,6,0.224667009,0.139036163
LastFM,Gender,FairNMF,75,5576,8,6,0.181415779,0.154862406
LastFM,Gender,FairNMF,85,5576,8,6,0.186182045,0.150580714
LastFM,Gender,FairNMF,95,5576,8,6,0.116309357,0.166886276
LastFM,Gender,FairNMF,105,5576,8,6,0.139631397,0.160723561
LastFM,Gender,FairNMF,110,5576,8,6,0.211751771,0.156658813
LastFM,Gender,FairNMF,115,5576,8,6,0,0.330281229
LastFM,Gender,FairNMF,120,5576,8,6,0.156825379,0.193509798
LastFM,Gender,FairNMF,125,5576,8,6,0.096047474,0.187972257
LastFM,Gender,FairNMF,130,5576,8,6,0.128173559,0.195621903
LastFM,Gender,FairNMF,135,5576,8,6,0.20371707,0.160272821
LastFM,Gender,FairNMF,140,5576,8,6,0.191481332,0.167054539
LastFM,Gender,FairNMF,145,5576,8,6,0.129600067,0.204671741
LastFM,Gender,FairNMF,150,5576,8,6,0.108665994,0.216465517
LastFM,Gender,FairNMF,200,5576,8,6,0.127463306,0.238823863
LastFM,Gender,FairNMF,250,5576,8,6,0.133682335,0.254223592
LastFM,Gender,FairNMF,300,5576,8,6,0.137725494,0.255834307
LastFM,Gender,FairNMF,350,5576,8,6,0.133723057,0.254889292
LastFM,Gender,FairNMF,400,5576,8,6,0.142272132,0.240279651
LastFM,Gender,FairNMF,450,5576,8,6,0.170747801,0.3094225
LastFM,Gender,FairNMF,500,5576,8,6,0.093639143,0.274938595
LastFM,Gender,FairNMF,600,5576,8,6,0.134746318,0.262532284
LastFM,Gender,FairNMF,700,5576,8,6,0.075385031,0.297864425
LastFM,Gender,FairNMF,800,5576,8,6,0.078024274,0.282424433
LastFM,Gender,FairNMF,900,5576,8,6,0.071147293,0.29628298
LastFM,Gender,FairNMF,1000,5576,8,6,0.078268976,0.271020781
LastFM,Gender,FairNMF,1500,5576,8,6,0.040288199,0.310596586
LastFM,Gender,FairNMF,2000,5576,8,6,0.024740113,0.314503837
LastFM,Gender,FairNMF,2500,5576,8,6,0.009912243,0.329427324
LastFM,Gender,FairNMF,3000,5576,8,6,0.008095204,0.31727424
LastFM,Gender,FairNMF,3500,5576,8,6,0.002058244,0.328997332
LastFM,Gender,FairNMF,4000,5576,8,6,0.007152155,0.333183303
LastFM,Gender,FairNMF,4500,5576,8,6,0.002577738,0.330723962
LastFM,Gender,FairNMF,5000,5576,8,6,0.004367869,0.301847031
LastFM,Gender,FairNMF,55,5576,9,6,0,0.330281229
LastFM,Gender,FairNMF,65,5576,9,6,0.169464455,0.16769961
LastFM,Gender,FairNMF,75,5576,9,6,0.213736339,0.171831693
LastFM,Gender,FairNMF,85,5576,9,6,0.148702402,0.116612944
LastFM,Gender,FairNMF,95,5576,9,6,0.18658835,0.188111034
LastFM,Gender,FairNMF,105,5576,9,6,0.15455789,0.219902034
LastFM,Gender,FairNMF,110,5576,9,6,0.162818424,0.17229021
LastFM,Gender,FairNMF,115,5576,9,6,0.133036049,0.212860473
LastFM,Gender,FairNMF,120,5576,9,6,0.166640162,0.199746469
LastFM,Gender,FairNMF,125,5576,9,6,0.132299662,0.18254839
LastFM,Gender,FairNMF,130,5576,9,6,0.189255493,0.205953898
LastFM,Gender,FairNMF,135,5576,9,6,0.149318191,0.166606545
LastFM,Gender,FairNMF,140,5576,9,6,0.117267105,0.214499261
LastFM,Gender,FairNMF,145,5576,9,6,0.106001877,0.208372597
LastFM,Gender,FairNMF,150,5576,9,6,0.140159836,0.185070887
LastFM,Gender,FairNMF,200,5576,9,6,0.165086928,0.218434105
LastFM,Gender,FairNMF,250,5576,9,6,0.137876602,0.259103036
LastFM,Gender,FairNMF,300,5576,9,6,0.148427311,0.258568455
LastFM,Gender,FairNMF,350,5576,9,6,0.123177543,0.270282155
LastFM,Gender,FairNMF,400,5576,9,6,0.130657468,0.262464875
LastFM,Gender,FairNMF,450,5576,9,6,0.113388934,0.273778501
LastFM,Gender,FairNMF,500,5576,9,6,0.125905679,0.265491816
LastFM,Gender,FairNMF,600,5576,9,6,0.06502163,0.279629195
LastFM,Gender,FairNMF,700,5576,9,6,0.070433292,0.284115996
LastFM,Gender,FairNMF,800,5576,9,6,0.072874152,0.293672065
LastFM,Gender,FairNMF,900,5576,9,6,0.072552942,0.291452952
LastFM,Gender,FairNMF,1000,5576,9,6,0.067017166,0.297897581
LastFM,Gender,FairNMF,1500,5576,9,6,0.051972024,0.307266652
LastFM,Gender,FairNMF,2000,5576,9,6,0.01949076,0.314163073
LastFM,Gender,FairNMF,2500,5576,9,6,0.009171664,0.319663814
LastFM,Gender,FairNMF,3000,5576,9,6,0.003566301,0.314563256
LastFM,Gender,FairNMF,3500,5576,9,6,0.001620333,0.307206959
LastFM,Gender,FairNMF,4000,5576,9,6,0.001259,0.317975124
LastFM,Gender,FairNMF,4500,5576,9,6,0.00169415,0.32409101
LastFM,Gender,FairNMF,5000,5576,9,6,0.003158994,0.305603018
LastFM,Gender,FairNMF,55,5576,10,6,0.247741675,0.109472108
LastFM,Gender,FairNMF,65,5576,10,6,0.188606961,0.178540439
LastFM,Gender,FairNMF,75,5576,10,6,0.182527978,0.189240025
LastFM,Gender,FairNMF,85,5576,10,6,0.163368108,0.196188649
LastFM,Gender,FairNMF,95,5576,10,6,0.220961497,0.168121761
LastFM,Gender,FairNMF,105,5576,10,6,0.136463346,0.218494529
LastFM,Gender,FairNMF,110,5576,10,6,0.134752004,0.185116901
LastFM,Gender,FairNMF,115,5576,10,6,0.103676309,0.197851901
LastFM,Gender,FairNMF,120,5576,10,6,0,0.330281229
LastFM,Gender,FairNMF,125,5576,10,6,0.135145196,0.195928061
LastFM,Gender,FairNMF,130,5576,10,6,0.159602767,0.176374656
LastFM,Gender,FairNMF,135,5576,10,6,0.111287576,0.193404328
LastFM,Gender,FairNMF,140,5576,10,6,0.104455593,0.228342394
LastFM,Gender,FairNMF,145,5576,10,6,0.183755242,0.197907416
LastFM,Gender,FairNMF,150,5576,10,6,0.1377995,0.216039674
LastFM,Gender,FairNMF,200,5576,10,6,0.103091446,0.255311757
LastFM,Gender,FairNMF,250,5576,10,6,0.145752088,0.267920643
LastFM,Gender,FairNMF,300,5576,10,6,0.125969395,0.2523027
LastFM,Gender,FairNMF,350,5576,10,6,0.143907048,0.260108033
LastFM,Gender,FairNMF,400,5576,10,6,0.135855736,0.257982981
LastFM,Gender,FairNMF,450,5576,10,6,0.132876937,0.26093556
LastFM,Gender,FairNMF,500,5576,10,6,0.078993296,0.287095256
LastFM,Gender,FairNMF,600,5576,10,6,0.063329701,0.286772835
LastFM,Gender,FairNMF,700,5576,10,6,0.101287917,0.276245021
LastFM,Gender,FairNMF,800,5576,10,6,0.080368356,0.315707194
LastFM,Gender,FairNMF,900,5576,10,6,0.069125933,0.291164978
LastFM,Gender,FairNMF,1000,5576,10,6,0.073271781,0.286492209
LastFM,Gender,FairNMF,1500,5576,10,6,0.054275011,0.28500201
LastFM,Gender,FairNMF,2000,5576,10,6,0.009403567,0.296576258
LastFM,Gender,FairNMF,2500,5576,10,6,0.007285287,0.293341687
LastFM,Gender,FairNMF,3000,5576,10,6,0.002884505,0.323005105
LastFM,Gender,FairNMF,3500,5576,10,6,0.002925215,0.312880982
LastFM,Gender,FairNMF,4000,5576,10,6,0.004386327,0.332164175
LastFM,Gender,FairNMF,4500,5576,10,6,0.002672498,0.30719973
LastFM,Gender,FairNMF,5000,5576,10,6,0.001853542,0.311761443
LastFM,Gender,FairNMF,55,5576,11,6,0.186284322,0.169016175
LastFM,Gender,FairNMF,65,5576,11,6,0.188189611,0.182830611
LastFM,Gender,FairNMF,75,5576,11,6,0.186727139,0.178392734
LastFM,Gender,FairNMF,85,5576,11,6,0.138960992,0.194474292
LastFM,Gender,FairNMF,95,5576,11,6,0.15367305,0.204642594
LastFM,Gender,FairNMF,105,5576,11,6,0.169600758,0.196821617
LastFM,Gender,FairNMF,110,5576,11,6,0.164370391,0.219033823
LastFM,Gender,FairNMF,115,5576,11,6,0.12766701,0.220293021
LastFM,Gender,FairNMF,120,5576,11,6,0.139059183,0.194531657
LastFM,Gender,FairNMF,125,5576,11,6,0.159582853,0.199569914
LastFM,Gender,FairNMF,130,5576,11,6,0.10247458,0.221597085
LastFM,Gender,FairNMF,135,5576,11,6,0.10576649,0.224282863
LastFM,Gender,FairNMF,140,5576,11,6,0.118519545,0.225883789
LastFM,Gender,FairNMF,145,5576,11,6,0.104217604,0.237916064
LastFM,Gender,FairNMF,150,5576,11,6,0.141394261,0.212668021
LastFM,Gender,FairNMF,200,5576,11,6,0.153613321,0.235326143
LastFM,Gender,FairNMF,250,5576,11,6,0.15861237,0.243413067
LastFM,Gender,FairNMF,300,5576,11,6,0.131630193,0.279599473
LastFM,Gender,FairNMF,350,5576,11,6,0.158312949,0.245269787
LastFM,Gender,FairNMF,400,5576,11,6,0.132487704,0.257634963
LastFM,Gender,FairNMF,450,5576,11,6,0.140834591,0.259207503
LastFM,Gender,FairNMF,500,5576,11,6,0.134303846,0.25011555
LastFM,Gender,FairNMF,600,5576,11,6,0.118243119,0.28327376
LastFM,Gender,FairNMF,700,5576,11,6,0.06343691,0.29511903
LastFM,Gender,FairNMF,800,5576,11,6,0.066451746,0.277984529
LastFM,Gender,FairNMF,900,5576,11,6,0.089056165,0.261098065
LastFM,Gender,FairNMF,1000,5576,11,6,0.076070613,0.280318894
LastFM,Gender,FairNMF,1500,5576,11,6,0.033006492,0.30710078
LastFM,Gender,FairNMF,2000,5576,11,6,0.025387571,0.290052993
LastFM,Gender,FairNMF,2500,5576,11,6,0.00616129,0.304367096
LastFM,Gender,FairNMF,3000,5576,11,6,0.006243873,0.299532913
LastFM,Gender,FairNMF,3500,5576,11,6,0.000742827,0.291036112
LastFM,Gender,FairNMF,4000,5576,11,6,0.006500422,0.311731446
LastFM,Gender,FairNMF,4500,5576,11,6,0.003868707,0.326365419
LastFM,Gender,FairNMF,5000,5576,11,6,-0.001243982,0.304683218
LastFM,Gender,FairNMF,55,5576,12,6,0.241248762,0.152705125
LastFM,Gender,FairNMF,65,5576,12,6,0.208012993,0.165277565
LastFM,Gender,FairNMF,75,5576,12,6,0.207583756,0.172585034
LastFM,Gender,FairNMF,85,5576,12,6,0.164021987,0.198311498
LastFM,Gender,FairNMF,95,5576,12,6,0.135838387,0.223718034
LastFM,Gender,FairNMF,105,5576,12,6,0.185351762,0.212843767
LastFM,Gender,FairNMF,110,5576,12,6,0.137582004,0.229987241
LastFM,Gender,FairNMF,115,5576,12,6,0.075995233,0.219365237
LastFM,Gender,FairNMF,120,5576,12,6,0.104562449,0.212301443
LastFM,Gender,FairNMF,125,5576,12,6,0.092647943,0.238344242
LastFM,Gender,FairNMF,130,5576,12,6,0.160481988,0.207134191
LastFM,Gender,FairNMF,135,5576,12,6,0.149719886,0.207892336
LastFM,Gender,FairNMF,140,5576,12,6,0.145444528,0.211336325
LastFM,Gender,FairNMF,145,5576,12,6,0.115820249,0.236891145
LastFM,Gender,FairNMF,150,5576,12,6,0.175171045,0.2062972
LastFM,Gender,FairNMF,200,5576,12,6,0.149482107,0.262313791
LastFM,Gender,FairNMF,250,5576,12,6,0.123201863,0.261915427
LastFM,Gender,FairNMF,300,5576,12,6,0.12641559,0.252007634
LastFM,Gender,FairNMF,350,5576,12,6,0.144427183,0.256121219
LastFM,Gender,FairNMF,400,5576,12,6,0.132762406,0.287677964
LastFM,Gender,FairNMF,450,5576,12,6,0.097733687,0.275388093
LastFM,Gender,FairNMF,500,5576,12,6,0.135834613,0.244782118
LastFM,Gender,FairNMF,600,5576,12,6,0.072868753,0.276775334
LastFM,Gender,FairNMF,700,5576,12,6,0.056751022,0.264410336
LastFM,Gender,FairNMF,800,5576,12,6,0.066048171,0.288901128
LastFM,Gender,FairNMF,900,5576,12,6,0.06456475,0.290616866
LastFM,Gender,FairNMF,1000,5576,12,6,0.066357875,0.291680369
LastFM,Gender,FairNMF,1500,5576,12,6,0.050842625,0.285637582
LastFM,Gender,FairNMF,2000,5576,12,6,0.017883391,0.30286889
LastFM,Gender,FairNMF,2500,5576,12,6,0.00938632,0.295497985
LastFM,Gender,FairNMF,3000,5576,12,6,0.003591646,0.292923934
LastFM,Gender,FairNMF,3500,5576,12,6,0.001251136,0.318640684
LastFM,Gender,FairNMF,4000,5576,12,6,-0.00047791,0.309771905
LastFM,Gender,FairNMF,4500,5576,12,6,0.001608568,0.294290948
LastFM,Gender,FairNMF,5000,5576,12,6,0.001930574,0.299264977
LastFM,Gender,FairNMF,55,5576,13,6,0.217412889,0.155974823
LastFM,Gender,FairNMF,65,5576,13,6,0.186581137,0.170210535
LastFM,Gender,FairNMF,75,5576,13,6,0.150552667,0.187577253
LastFM,Gender,FairNMF,85,5576,13,6,0.15208493,0.212891639
LastFM,Gender,FairNMF,95,5576,13,6,0.173186773,0.203458558
LastFM,Gender,FairNMF,105,5576,13,6,0.178357112,0.218356678
LastFM,Gender,FairNMF,110,5576,13,6,0.117947191,0.21542572
LastFM,Gender,FairNMF,115,5576,13,6,0.102515155,0.215804299
LastFM,Gender,FairNMF,120,5576,13,6,0.13895218,0.237380004
LastFM,Gender,FairNMF,125,5576,13,6,0.103441855,0.226428686
LastFM,Gender,FairNMF,130,5576,13,6,0.119419567,0.217860036
LastFM,Gender,FairNMF,135,5576,13,6,0.11291536,0.224192986
LastFM,Gender,FairNMF,140,5576,13,6,0.144973885,0.221197774
LastFM,Gender,FairNMF,145,5576,13,6,0.180005435,0.219108255
LastFM,Gender,FairNMF,150,5576,13,6,0.094399009,0.231712552
LastFM,Gender,FairNMF,200,5576,13,6,0.159358847,0.25088542
LastFM,Gender,FairNMF,250,5576,13,6,0.152893001,0.251080752
LastFM,Gender,FairNMF,300,5576,13,6,0.126023251,0.253428772
LastFM,Gender,FairNMF,350,5576,13,6,0.128311526,0.271276655
LastFM,Gender,FairNMF,400,5576,13,6,0.132433874,0.259640133
LastFM,Gender,FairNMF,450,5576,13,6,0.118472173,0.271037304
LastFM,Gender,FairNMF,500,5576,13,6,0.112485227,0.275978752
LastFM,Gender,FairNMF,600,5576,13,6,0.067550072,0.275778092
LastFM,Gender,FairNMF,700,5576,13,6,0.0714812,0.297327893
LastFM,Gender,FairNMF,800,5576,13,6,0.060182387,0.285526826
LastFM,Gender,FairNMF,900,5576,13,6,0.06647305,0.300285307
LastFM,Gender,FairNMF,1000,5576,13,6,0.064751082,0.292021336
LastFM,Gender,FairNMF,1500,5576,13,6,0.050404053,0.306032948
LastFM,Gender,FairNMF,2000,5576,13,6,0.010739356,0.306386885
LastFM,Gender,FairNMF,2500,5576,13,6,0.014239606,0.303509774
LastFM,Gender,FairNMF,3000,5576,13,6,0.004977056,0.317927353
LastFM,Gender,FairNMF,3500,5576,13,6,0.006516425,0.304740103
LastFM,Gender,FairNMF,4000,5576,13,6,-0.000443237,0.298062063
LastFM,Gender,FairNMF,4500,5576,13,6,0.003281775,0.300190414
LastFM,Gender,FairNMF,5000,5576,13,6,0.003152031,0.289119924
LastFM,Gender,FairNMF,55,5576,14,6,0.18937509,0.190759743
LastFM,Gender,FairNMF,65,5576,14,6,0.186198177,0.177792906
LastFM,Gender,FairNMF,75,5576,14,6,0.158674396,0.209930669
LastFM,Gender,FairNMF,85,5576,14,6,0.222246282,0.1973718
LastFM,Gender,FairNMF,95,5576,14,6,0.130949844,0.212818618
LastFM,Gender,FairNMF,105,5576,14,6,0.148202074,0.228346188
LastFM,Gender,FairNMF,110,5576,14,6,0.102732141,0.229349421
LastFM,Gender,FairNMF,115,5576,14,6,0.12958176,0.224840622
LastFM,Gender,FairNMF,120,5576,14,6,0.147120375,0.243360705
LastFM,Gender,FairNMF,125,5576,14,6,0.160205548,0.251247168
LastFM,Gender,FairNMF,130,5576,14,6,0.115807528,0.214417746
LastFM,Gender,FairNMF,135,5576,14,6,0.113952337,0.25389555
LastFM,Gender,FairNMF,140,5576,14,6,0.113671745,0.238917448
LastFM,Gender,FairNMF,145,5576,14,6,0.096989431,0.248271952
LastFM,Gender,FairNMF,150,5576,14,6,0.097256995,0.250530582
LastFM,Gender,FairNMF,200,5576,14,6,0.129907335,0.238024487
LastFM,Gender,FairNMF,250,5576,14,6,0.121621638,0.281925869
LastFM,Gender,FairNMF,300,5576,14,6,0.172706351,0.219648411
LastFM,Gender,FairNMF,350,5576,14,6,0.115531095,0.269895803
LastFM,Gender,FairNMF,400,5576,14,6,0.13026873,0.272957584
LastFM,Gender,FairNMF,450,5576,14,6,0.086807125,0.253581513
LastFM,Gender,FairNMF,500,5576,14,6,0.079346586,0.253296515
LastFM,Gender,FairNMF,600,5576,14,6,0.069462973,0.26108638
LastFM,Gender,FairNMF,700,5576,14,6,0.054693104,0.286706777
LastFM,Gender,FairNMF,800,5576,14,6,0.058415805,0.274820065
LastFM,Gender,FairNMF,900,5576,14,6,0.066538551,0.28409536
LastFM,Gender,FairNMF,1000,5576,14,6,0.065845198,0.278829159
LastFM,Gender,FairNMF,1500,5576,14,6,0.047300021,0.276363593
LastFM,Gender,FairNMF,2000,5576,14,6,0.023578206,0.294451917
LastFM,Gender,FairNMF,2500,5576,14,6,0.004208516,0.30278857
LastFM,Gender,FairNMF,3000,5576,14,6,0.009162972,0.291507465
LastFM,Gender,FairNMF,3500,5576,14,6,0.002089396,0.307492533
LastFM,Gender,FairNMF,4000,5576,14,6,0.00546355,0.304483063
LastFM,Gender,FairNMF,4500,5576,14,6,-0.000473177,0.295603303
LastFM,Gender,FairNMF,5000,5576,14,6,-0.001752526,0.292749143
